1.72,0.92,32.715,-50.179,0,0,0,0,0,0,0,0.47073,0,0,0,0,0,0,0.077518,0.014988,0,0,0,0,0,0.2466,0,0.50726,0.9822,0.76042,0.070023,0.15082,0.15082,0,0,0.37073,0,0,0,0,0.050585,0,0,0,0.12904,0.11991,0,0,0.19157,0.13115,0,0,0,0.30843,0,0,0.21967,0,0,0.17728,0,0,0.36183,0,0,0.0046838,0.17986,0
2.52,0.92,26.312,-48.023,0,0,0,0,0,0,0,0.47963,0,0,0,0,0,0,0,0.016862,0,0,0,0,0,0.20468,0.31803,0.48103,0.97166,0.8363,0.21733,0.17026,0.041218,0,0,0.39578,0.067447,0,0,0,0.1904,0.03185,0,0,0.1267,0.28103,0,0,0.34707,0.16089,0,0,0,0.24871,0,0,0.21452,0.051522,0,0.10609,0,0,0.33232,0,0,0,0.029977,0
3.32,0.92,17.073,-46.85,0,0,0,0,0,0,0,0.40656,0,0,0,0,0,0,0.021546,0.042623,0,0,0,0.0025761,0.0056206,0.15948,0,0.526,0.96323,0.59274,0,0.10164,0.096956,0,0,0.39953,0,0,0,0,0.31218,0,0,0,0.12623,0.16932,0,0.0037471,0.18571,0.17892,0,0,0.037471,0.30258,0,0,0.23724,0.082904,0,0.067916,0,0,0.21827,0,0,0.014052,0.19297,0
4.12,0.92,13.893,-43.081,0,0,0,0,0,0,0,0.33138,0,0,0,0,0,0,0.11429,0.021077,0,0,0,0,0.15621,0.23934,0,0.48759,1,0.70539,0,0,0.039344,0,0,0.41311,0,0,0,0,0.34988,0,0,0,0.041218,0.09555,0,0.014988,0.13489,0.19297,0,0,0,0.18782,0,0,0.22272,0.18852,0,0.085714,0,0.02623,0.30234,0,0,0,0.19906,0
4.92,0.92,12.703,-40.877,0,0,0,0,0,0,0,0.46862,0,0,0,0,0,0,0.037471,0.042389,0,0,0,0,0.17166,0.19742,0,0.50773,1,0.9445,0,0.0039813,0,0,0,0.39344,0,0,0,0,0.29625,0.074941,0,0,0.19415,0,0,0.016393,0.11499,0.2192,0,0,0,0.19789,0,0,0.16019,0.18384,0,0.023419,0,0,0.17237,0,0,0,0.21054,0
5.07,0.92,11.861,-40.834,0,0,0,0,0,0,0,0.42365,0,0,0,0,0,0,0.014754,0.067916,0,0,0,0,0.20539,0.19813,0.037705,0.57283,1,0.44707,0.23934,0.17681,0,0,0,0.36511,0.059016,0,0,0,0.33349,0,0,0,0.1555,0.043091,0,0.0084309,0.12927,0.23302,0,0,0,0.13513,0,0,0.26253,0.18876,0,0.14005,0,0.043794,0.31546,0,0,0,0.21194,0
5.87,0.92,8.028,-41.342,0,0,0,0,0,0,0,0.38923,0,0,0,0,0,0,0.11452,0.081499,0,0,0,0,0.31803,0.17377,0,0.61429,0.97845,0.7082,0,0.21546,0,0,0,0.37658,0.10023,0,0,0,0.23958,0,0,0,0.044028,0,0,0.014988,0.099766,0.13981,0,0,0,0.16792,0,0,0.28173,0.0084309,0,0.10562,0,0,0.30632,0,0,0,0.033489,0
6.67,0.92,12.388,-41.517,0,0,0,0,0,0,0,0.43021,0,0,0,0,0,0,0.137,0.015222,0,0,0,0,0.42014,0.20328,0.24731,0.50703,0.86464,0.93419,0.18173,0.31077,0.20094,0,0,0.40117,0.041218,0,0,0,0.20656,0,0,0,0.14169,0.059485,0,0,0.12319,0.13068,0,0,0,0.063232,0,0,0.32763,0.17354,0,0.096487,0,0.018735,0.27799,0,0,0,0.28009,0
7.47,0.92,14.272,-43.909,0,0,0,0.022951,0,0,0,0.24122,0,0,0.0098361,0.022951,0,0,0.053162,0.17705,0.028337,0,0,0,0.48571,0.32319,0,0.56838,0.86862,0.96581,0.35902,0.11803,0,0,0,0.22436,0,0,0,0,0.30468,0,0,0,0.18314,0.052459,0,0,0.055972,0.27143,0,0,0,0.11194,0,0,0.2534,0.13208,0,0.061358,0.02623,0.02623,0.18829,0,0,0.0058548,0.34075,0.036066
8.27,0.92,15.061,-48.748,0,0,0,0.10773,0.03466,0,0,0.4,0.013115,0,0,0,0,0,0.029977,0.029508,0.11241,0,0,0,0.47143,0.47447,0,0.50656,0.95714,0.64848,0,0.11148,0,0,0,0.36909,0.25105,0,0,0,0.4007,0,0,0,0.3356,0.020609,0,0,0.057377,0.24028,0,0,0,0.10749,0,0,0.30375,0.098595,0,0.13466,0,0,0.2911,0,0,0,0.31593,0.070726
9.07,0.92,17.049,-52.624,0,0,0,0.10585,0,0,0,0.48712,0,0,0,0,0,0,0.14403,0.066979,0.079625,0,0,0,0.54262,0.26417,0.07541,0.45363,0.77541,0.77658,0,0.22974,0,0,0,0.31241,0,0,0,0,0.42576,0,0,0,0.2719,0.19672,0,0,0.15082,0.29438,0,0,0,0.19977,0,0,0.41335,0.11944,0,0.14824,0,0,0.30632,0,0,0,0.37354,0.029508
9.22,0.92,17.321,-53.168,0,0,0,0.12037,0.0070258,0,0,0.52365,0,0,0,0,0,0,0.1541,0.059016,0,0,0,0,0.48618,0.42693,0,0.44426,0.81991,0.74309,0.16159,0.030913,0,0,0,0.39813,0.065574,0,0,0,0.44426,0.065574,0,0,0.24473,0.10679,0,0,0.10937,0.28712,0,0,0,0.22904,0,0,0.41429,0.21686,0,0.13888,0,0,0.36417,0,0,0.019672,0.3904,0
10.02,0.92,19.726,-54.206,0,0,0,0.15457,0.019672,0,0,0.43934,0,0,0,0,0,0,0.18899,0,0,0,0,0,0.39274,0.41148,0.2192,0.51194,0.75644,0.35738,0.077283,0.19836,0,0,0,0.1644,0,0,0,0,0.41429,0,0,0,0.26956,0,0,0,0.1267,0.37728,0,0,0,0.14871,0,0,0.38571,0.27143,0,0.13747,0,0.029508,0.3459,0,0,0,0.29906,0.014988
10.82,0.92,20.332,-51.712,0,0,0,0.20117,0,0,0,0.35785,0,0,0,0.031382,0,0,0.12623,0.055738,0.14941,0,0,0,0.41148,0.19157,0.18244,0.39625,0.78759,0.45855,0.4,0.078689,0,0,0,0.44965,0.12974,0,0,0,0.44286,0,0,0,0.31194,0.12834,0,0,0.18478,0.29766,0,0,0,0.078689,0,0,0.39532,0.27143,0.016393,0.11311,0.015457,0,0.30937,0,0,0,0.20843,0
11.62,0.92,18.958,-49.483,0,0,0.052459,0.099063,0,0,0,0.4267,0,0,0,0.032787,0,0,0.17564,0.24262,0.11265,0,0,0,0.5,0.38642,0.11639,0.33443,0.78431,0.54614,0.41335,0.24239,0.063934,0,0,0.43443,0,0,0,0,0.38712,0,0.07541,0,0.26042,0.081967,0,0,0.13326,0.35246,0,0,0,0.091335,0,0,0.44052,0.22881,0,0.16815,0.022951,0,0.2541,0,0,0.012646,0.28501,0.074005
1.72,1.72,31.759,-51.268,0,0,0,0,0,0,0,0.37705,0,0,0,0,0,0,0.083372,0.022951,0,0,0,0,0.39953,0.24215,0,0.45738,0.95527,0.61475,0.059016,0.065574,0,0,0,0.35667,0.27611,0,0,0,0.061827,0,0,0,0.12998,0.21475,0,0,0.24473,0.13162,0,0,0,0.32295,0,0,0.12108,0,0,0.13794,0,0,0.3719,0,0,0,0.15152,0
2.52,1.72,28.614,-45.223,0,0,0,0,0.0077283,0,0,0.44215,0,0,0,0,0,0,0.013115,0,0,0,0,0,0.052459,0.016862,0,0.40539,0.91522,0.50398,0.12787,0.10539,0,0,0,0.40749,0.039344,0,0,0,0.036066,0,0,0,0.20796,0.13068,0,0,0.29883,0.15386,0,0,0,0.19813,0,0,0.16979,0,0,0.12436,0,0.074005,0.1452,0,0,0,0.18478,0
3.32,1.72,20.417,-39.396,0,0,0,0,0.017564,0,0,0.45972,0,0,0,0,0,0,0,0.043794,0,0,0,0,0.36932,0.10773,0,0.45831,1,0.89063,0.19672,0.072131,0,0,0,0.41756,0,0,0,0,0.084309,0,0,0,0.12178,0.041218,0,0,0.18501,0.22061,0,0,0,0.26276,0,0,0.20398,0,0,0.14356,0,0.0018735,0.2815,0,0,0,0.22482,0
4.12,1.72,11.179,-37.011,0,0,0.022482,0,0,0,0,0.45246,0,0,0,0,0,0,0.018267,0.014052,0,0,0,0,0.048712,0.21054,0,0.5178,1,0.72553,0.039344,0.13911,0,0,0,0.1185,0.074941,0,0,0,0.16112,0,0,0,0.23934,0.11171,0,0,0.18314,0.1555,0,0,0,0.26089,0,0,0.20094,0,0,0.10492,0,0,0.10867,0,0,0,0.18595,0
4.92,1.72,14.466,-38.753,0,0,0,0,0,0,0,0.44871,0,0,0,0,0,0,0.065574,0.092506,0,0,0,0,0.16206,0.15902,0.19063,0.37494,0.98525,0.363,0,0.054801,0,0,0,0.41803,0.11663,0,0,0,0.29649,0,0,0,0.17377,0.019672,0,0,0.15761,0.13513,0,0,0,0.097892,0,0,0.17166,0,0,0.12646,0,0,0.059016,0,0,0,0.18665,0
5.07,1.72,14.684,-39.175,0,0,0,0,0,0,0,0.38267,0,0,0,0,0,0,0.059485,0.092037,0,0,0,0,0.16393,0.30726,0.026932,0.47681,0.98571,0.6356,0.21639,0.066979,0,0,0,0.39016,0.07377,0,0,0,0.23138,0,0,0,0.18665,0.062295,0,0,0.17939,0.16604,0,0,0,0.14005,0,0,0.19977,0.021077,0,0.13279,0,0,0.081967,0,0,0,0.16042,0
5.87,1.72,13.943,-40.968,0,0,0,0,0,0,0,0.35433,0,0,0,0,0,0,0.086417,0.1541,0,0,0,0,0.33489,0.30445,0,0.37916,0.90585,0.72693,0,0.22014,0,0,0,0.37143,0,0,0,0,0.29953,0,0,0,0.18571,0,0,0,0.12459,0.12881,0,0,0,0.15176,0,0,0.23044,0.15246,0,0.052459,0,0,0.27354,0,0,0,0.27705,0
6.67,1.72,14.444,-41.889,0,0,0,0.029977,0.016159,0,0,0.42201,0,0,0,0,0,0,0.012646,0.076815,0,0,0,0,0.35316,0.20234,0.036066,0.28806,0.84005,0.84965,0.29883,0.1911,0,0,0,0.45948,0,0,0,0,0.34122,0,0,0,0.21639,0.18712,0,0,0.062763,0.16838,0,0,0,0.17049,0,0,0.31593,0.17845,0,0.16581,0,0.045902,0.10749,0,0,0,0.2185,0
7.47,1.72,15.513,-43.271,0,0,0,0,0,0,0,0.34262,0,0,0,0,0,0,0,0.18056,0,0,0,0,0.42951,0.17424,0,0.44614,0.78665,0.67354,0.016159,0.1103,0,0,0,0.41054,0.055738,0,0,0,0.27611,0,0,0,0.21639,0.15948,0,0.0093677,0.1466,0.20749,0,0,0,0.1534,0,0,0.29672,0.1726,0,0.17471,0,0.071663,0.24496,0,0,0,0.13794,0
8.27,1.72,16.504,-44.511,0,0,0,0,0,0,0,0.34707,0,0,0,0,0,0,0.10539,0.19485,0,0,0,0,0.42506,0.34192,0,0.5363,0.93326,0.85152,0.072131,0.2267,0,0,0,0.44122,0.082436,0,0,0,0.24215,0,0,0,0.15597,0.044262,0,0,0.10937,0.31148,0,0,0,0.13021,0,0,0.32857,0.11241,0,0.067447,0,0,0.31639,0,0,0.032787,0.22084,0.019672
9.07,1.72,15.491,-46.434,0,0,0.055269,0.17213,0,0,0,0.40281,0,0,0,0,0,0,0.065574,0.0637,0,0,0,0,0.48571,0.23185,0.080796,0.50656,0.80187,0.54707,0.42857,0.15831,0,0,0,0.42155,0.17073,0,0,0,0.28126,0,0,0,0.21944,0.13255,0,0,0.13162,0.2445,0,0,0,0.14379,0.047541,0,0.33653,0.18501,0,0.12974,0.0063232,0,0.28009,0,0,0,0.24192,0
9.22,1.72,15.305,-46.797,0,0,0,0.17002,0,0,0,0.41475,0,0,0,0,0,0,0.067681,0.15222,0,0,0,0,0.58548,0.41405,0,0.39087,0.85831,0.6089,0.43724,0.13724,0,0,0,0.45597,0.20141,0,0,0,0.29438,0,0,0,0.23888,0.30445,0,0,0.19742,0.31194,0,0,0,0.15363,0.032787,0,0.32881,0.12646,0,0.22389,0,0,0.33302,0,0,0,0.26628,0.058548
10.02,1.72,12.883,-47.909,0,0,0,0.12576,0,0,0,0.37073,0,0,0,0.039344,0,0,0.1822,0.1274,0.044965,0,0,0,0.40843,0.29508,0.044262,0.4815,0.8,0.70726,0.22927,0.1733,0,0,0,0.45527,0.17822,0,0,0,0.35855,0,0,0,0.31616,0.23279,0,0,0.1534,0.36956,0,0,0,0.19297,0.050117,0,0.37049,0.22201,0,0.18126,0.11171,0,0.39251,0,0,0,0.20211,0.14145
10.82,1.72,10.506,-45.642,0,0,0.045902,0.19063,0,0,0,0.43911,0.016393,0,0,0,0,0,0.24333,0.1103,0.079625,0,0,0,0.4733,0.42037,0,0.22108,0.8,0.72342,0.41429,0.15691,0,0,0,0.45714,0.2548,0,0,0,0.3452,0.067447,0,0,0.29883,0.061827,0,0,0.14333,0.22131,0,0,0,0.13255,0.1,0,0.38197,0.28665,0,0.13607,0,0,0.35761,0,0,0,0.27728,0.044731
11.62,1.72,13.513,-44.283,0,0,0.041218,0.13185,0.012881,0,0,0.35152,0,0,0,0.044731,0,0,0.16534,0.16112,0.11077,0,0,0,0.34496,0.27541,0.32881,0.21077,0.7726,0.71827,0.44262,0.24871,0,0,0,0.48689,0.31358,0,0,0,0.38173,0.051522,0.23607,0,0.32763,0,0,0,0.15386,0.37354,0,0.10585,0,0.12014,0.063466,0,0.4541,0.28548,0,0.17213,0,0,0.27307,0,0,0,0.33677,0
12.22,-1.39,34.098,-55.022,0,0,0.016862,0.20984,0,0,0,0.31569,0.097424,0,0,0,0,0,0.20773,0.11358,0,0,0,0,0.45714,0.38618,0.019672,0.23794,0.50351,0.55714,0,0.059016,0,0,0,0.30703,0.078689,0,0,0,0,0,0,0,0.3459,0.11991,0,0,0.10679,0.33864,0,0,0,0.18735,0.094614,0,0.30609,0.2637,0.02623,0.18384,0.012646,0,0.1637,0,0,0,0.21077,0.1719
13.02,-1.39,33.476,-49.943,0,0,0.048712,0.24707,0,0,0,0.46862,0,0,0,0,0,0,0.19438,0.14333,0.029977,0,0,0,0.48759,0.4,0,0.09274,0.51311,0.22763,0,0,0,0,0,0.26089,0.086183,0,0,0,0,0,0,0,0.31991,0,0,0,0.011241,0.39906,0,0,0,0.15082,0,0,0.40258,0.1897,0.037471,0.17752,0.048712,0,0.32974,0,0,0,0.31358,0.17283
13.34,-1.39,33.019,-47.358,0,0,0.074941,0.20913,0,0,0.036066,0.40773,0.10773,0,0.018267,0,0,0,0.23115,0.21874,0.070258,0,0,0,0.48571,0.4377,0,0.12272,0.50398,0.30351,0,0.077518,0,0,0,0.23934,0,0,0,0,0,0,0.067447,0,0.35457,0.029977,0,0,0.10679,0.46206,0,0,0,0.089227,0.14614,0,0.41499,0.25855,0,0.13044,0.0637,0,0.28665,0,0,0,0.17963,0.11686
13.49,-1.39,32.618,-46.108,0,0,0,0.25199,0.0074941,0,0,0.38735,0.0726,0,0,0.016862,0,0,0.28478,0.24122,0.030913,0,0,0,0.49813,0.29649,0,0.1911,0.51616,0.10492,0,0.10328,0,0,0,0,0.085246,0,0,0,0,0,0.1171,0,0.37307,0.02623,0,0,0.081499,0.33326,0,0,0,0.10094,0.070258,0,0.36206,0.25082,0.02623,0.18384,0,0,0.34684,0,0,0,0.18501,0.068852
14.15,-1.39,31.508,-39.896,0,0,0,0.22693,0,0,0.0021077,0.30211,0,0,0.02623,0.088056,0,0,0.23091,0.1356,0.12787,0,0,0,0.3993,0.41967,0,0.2445,0.55035,0.4726,0,0.052459,0,0,0,0.38852,0.044262,0,0,0,0.3103,0,0.068852,0,0.38384,0.045433,0,0,0.069321,0.44122,0,0,0,0.18361,0.059485,0,0.42108,0.22951,0,0.21686,0.16956,0,0.17026,0,0,0,0.23958,0.13232
14.95,-1.39,29.677,-34.35,0,0,0.096487,0.24567,0,0,0.15878,0.23443,0.072131,0,0,0,0,0,0.28478,0.27635,0.11803,0,0,0,0.44286,0.33396,0.1007,0.19672,0.53021,0.27588,0,0,0,0,0,0.40117,0.074941,0,0,0,0.026932,0,0.086183,0,0.4452,0.0084309,0,0,0.014052,0.41499,0,0,0,0.09274,0.18735,0,0.50328,0.23888,0,0.19063,0,0,0.13747,0,0,0,0.21218,0.14684
15.75,-1.39,29.623,-33.712,0,0,0.042623,0.29391,0,0,0.10679,0.29485,0.096487,0,0,0.011241,0,0,0.29742,0.2815,0,0,0,0,0.47049,0.36628,0.0053864,0.10117,0.55222,0.32272,0,0.14052,0,0,0,0.46136,0.086183,0,0,0,0.15831,0,0.016159,0,0.50585,0,0,0,0.066042,0.44145,0,0,0,0.03185,0.12178,0,0.39063,0.29532,0.013115,0.056206,0.12108,0,0.048946,0,0,0,0.26698,0.20656
16.55,-1.39,30.657,-33.912,0,0,0.045902,0.35597,0,0,0.023185,0.22998,0.079625,0,0,0.041218,0,0,0.26698,0.35176,0.030913,0,0,0,0.44333,0.31452,0.07541,0.38407,0.47799,0.37916,0,0.071194,0,0,0,0.34215,0.16909,0,0,0,0.0053864,0,0.21499,0,0.46464,0.033724,0,0,0.091803,0.35761,0,0,0,0,0.10913,0,0.44192,0.25667,0.054333,0.16253,0.088759,0,0.032787,0,0,0,0.23162,0.11007
17.35,-1.39,29.966,-38.124,0,0,0.045902,0.31874,0,0,0,0.21663,0.15082,0,0,0,0,0,0.34614,0.32529,0.036066,0,0,0,0.55527,0.39508,0.14426,0.10164,0.5103,0.084309,0,0.059016,0,0,0,0.20398,0.037705,0,0,0,0.072131,0,0.17588,0,0.39953,0,0,0,0.098595,0.4993,0,0,0,0.10679,0.22529,0,0.52108,0.23677,0,0.26042,0.054801,0,0,0,0,0,0.40398,0.16393
18.15,-1.39,26.681,-44.954,0,0,0.081499,0.21499,0.020141,0,0.037471,0.20632,0.086183,0,0,0.018033,0,0,0.27822,0.36464,0.074941,0,0,0,0.43817,0.36487,0.4281,0.033724,0.47518,0,0.065574,0,0,0,0,0.30679,0.21827,0,0,0,0.051522,0,0.039344,0,0.40328,0,0,0,0.1171,0.43724,0,0,0,0.015457,0.27752,0,0.43443,0.22974,0,0.29766,0.14918,0,0.14754,0,0,0.022482,0.337,0.1815
18.95,-1.39,26.726,-44.861,0,0,0,0.21874,0.12998,0,0.011241,0.29485,0.1815,0,0.02623,0.018735,0,0,0.33068,0.33794,0.14379,0,0,0,0.52295,0.37049,0.067916,0.10867,0.15597,0.21639,0.04918,0.086183,0,0,0,0.26604,0.086183,0,0,0,0,0,0.27143,0,0.61241,0,0,0,0.02623,0.45995,0,0,0,0.099766,0.28852,0,0.38782,0.26464,0.041218,0.28618,0.12248,0,0.056206,0,0,0,0.3548,0.13255
19.75,-1.39,28.568,-41.114,0,0,0.16276,0.24356,0.08829,0,0.032787,0.21756,0.060187,0,0.036534,0.12834,0,0,0.2623,0.32482,0.25269,0,0,0,0.44286,0.55527,0.39953,0.20703,0.4829,0.12787,0,0.078923,0,0,0,0.22061,0,0,0,0,0,0,0.22459,0,0.69953,0,0,0,0.033724,0.49813,0,0,0,0,0.28173,0,0.426,0.21897,0,0.34567,0.051288,0,0.04918,0,0,0,0.39625,0.078454
20.55,-1.39,31.193,-37.819,0,0,0.048712,0.29602,0.065574,0.029508,0.13489,0.22787,0.20656,0,0,0.067916,0,0,0.22553,0.33255,0.18852,0,0,0,0.51429,0.44871,0.070726,0.082436,0.57143,0.13255,0,0.048946,0,0,0,0.41405,0.12459,0,0,0,0,0,0.12951,0,0.45433,0,0,0,0.051991,0.53864,0,0,0,0,0.27237,0,0.44169,0.19977,0,0.35457,0.024356,0,0.067447,0,0,0,0.33162,0.19368
21.35,-1.39,30.547,-36.46,0,0,0,0.23091,0.0081967,0,0.13349,0.17026,0.1356,0,0,0.20023,0,0,0.36768,0.38618,0.057611,0,0,0,0.55574,0.57119,0.11756,0.24356,0.53653,0,0,0.094848,0,0,0,0.21218,0.093677,0,0,0,0,0,0.086183,0,0.50984,0,0,0,0,0.42904,0,0,0,0,0.23138,0,0.36112,0.14145,0.014754,0.29227,0,0,0.052693,0,0,0,0.34333,0.13419
22.15,-1.39,27.822,-35.336,0,0,0.29742,0.1452,0,0,0.10351,0.23396,0.24286,0,0.02623,0,0,0,0.2548,0.29789,0.29227,0.0098361,0,0,0.52295,0.61874,0.17049,0.25855,0.59742,0.033958,0,0,0,0,0,0.20984,0.13115,0,0,0,0,0,0.12553,0,0.35948,0,0,0,0.0070258,0.40117,0,0,0,0.018735,0.28829,0,0.3555,0.073536,0.044965,0.34871,0.14848,0,0.094379,0,0,0.014988,0.29813,0.23326
22.95,-1.39,28.2,-36.601,0,0,0.070258,0.18735,0.037471,0,0.15457,0.19555,0.37119,0,0.082436,0.14567,0,0,0.22693,0.34122,0.26112,0.029977,0,0,0.52272,0.59883,0.17471,0.15738,0.51499,0.10492,0.15176,0.078689,0,0,0,0.37564,0.14941,0,0,0,0.07541,0,0,0,0.36347,0,0,0,0,0.36487,0,0,0,0,0.23934,0,0.37307,0.27049,0.067681,0.31405,0.032787,0,0.062295,0,0,0.014052,0.31616,0.18103
23.7,-1.39,30.584,-39.077,0,0,0.19087,0.039344,0.059953,0,0,0.21827,0.45527,0,0.036066,0.22693,0,0,0.29368,0.42951,0.16557,0.097892,0,0,0.46464,0.49157,0,0.14707,0.51803,0,0.26019,0,0,0,0,0.38548,0.19344,0,0,0,0,0,0,0,0.38665,0.012646,0,0,0,0.37845,0,0,0,0,0.41288,0,0.32998,0.22857,0.023888,0.37424,0.11101,0,0.036066,0,0,0,0.43817,0.11827
23.85,-1.39,30.848,-39.818,0,0,0.47237,0.065574,0.029508,0,0.041218,0.21171,0.49508,0,0.18361,0.36066,0,0,0.20141,0.45363,0.24848,0.11546,0,0,0.31335,0.30047,0.16534,0,0.53864,0.081967,0.11288,0,0,0,0,0.36768,0.085246,0,0,0,0,0,0,0,0.29625,0,0,0,0,0.34496,0,0,0,0.018267,0.39087,0,0.36019,0.21967,0,0.47681,0.0070258,0,0.081967,0,0,0,0.53021,0.18829
24.35,-1.39,32.623,-42.912,0,0,0.54098,0,0.073068,0,0,0.27775,0.28618,0,0,0.25902,0,0,0.27143,0.46604,0.3267,0.02623,0,0,0.4103,0.19016,0,0.012646,0.49789,0.11288,0,0.068852,0,0,0,0.41311,0.078689,0,0,0,0.21546,0,0,0,0.44379,0,0,0,0,0.36487,0,0,0,0,0.35293,0,0.42506,0.22763,0,0.44286,0.04918,0,0.11241,0,0,0.016393,0.5082,0.26276
25.15,-1.39,37.793,-46.856,0,0,0.49532,0.025761,0.082436,0,0.053864,0.20585,0.42904,0,0.036768,0.20937,0,0,0.24005,0.41593,0.068618,0.016862,0,0,0.37213,0.4192,0.25152,0.26838,0.5733,0.18689,0.12787,0.07541,0,0,0,0.37799,0.059016,0,0,0,0,0,0,0,0.40187,0,0,0,0,0.32576,0,0,0,0,0.41382,0,0.36464,0.20539,0.062295,0.46838,0.069789,0,0,0,0,0,0.39977,0.1548
25.65,-1.39,39.401,-48.038,0,0,0.44731,0.094145,0.083607,0,0,0.25714,0.437,0,0.10492,0.27728,0,0,0.18361,0.42155,0.35059,0.090867,0,0,0.41311,0.33724,0.050585,0,0.54403,0.20281,0.10164,0.093677,0,0,0,0.30141,0.097424,0,0,0,0,0,0,0,0.41991,0,0,0,0,0.28829,0,0,0,0,0.30117,0,0.44941,0.25176,0,0.50281,0.25808,0,0.023185,0,0,0,0.33185,0.24286
25.8,-1.39,39.264,-48.215,0,0,0.46721,0,0.10304,0,0,0.24684,0.25972,0,0.14614,0.27377,0,0,0.24028,0.4548,0.26347,0.097424,0,0,0.40468,0.46464,0.19485,0.13489,0.54192,0,0.2089,0.059016,0,0,0,0.31663,0,0,0,0,0,0,0,0,0.38689,0,0,0,0,0.35012,0,0,0,0,0.32482,0,0.43021,0.25597,0,0.49415,0.33302,0,0,0,0,0.033724,0.46628,0.21007
26.47,-1.39,35.132,-47.188,0,0,0.34965,0.02623,0.13326,0,0.064637,0.15574,0.35105,0,0.045902,0.24871,0,0,0.20281,0.47681,0.21663,0.059485,0,0,0.45504,0.24215,0.15831,0.062295,0.57143,0.0063232,0,0,0,0,0,0.44098,0.14098,0,0,0,0.048478,0,0,0,0.17143,0,0,0,0,0.31639,0,0,0,0,0.37564,0,0.46674,0.13536,0,0.64005,0.35902,0,0.056909,0,0,0.12623,0.46253,0.19016
27.27,-1.39,30.722,-45.843,0,0,0.19883,0,0.10234,0,0.062295,0.14286,0.37002,0,0.12037,0.24778,0,0,0.22178,0.45738,0.3356,0.11756,0,0,0.26557,0.37143,0.096956,0.14754,0.45785,0,0.072131,0.035129,0,0,0,0.42482,0,0,0,0,0,0,0,0,0.15527,0,0,0,0,0.35433,0,0,0,0,0.35504,0,0.33958,0.19719,0.1096,0.59836,0.30375,0,0.13911,0,0,0.0093677,0.48571,0.1904
28.07,-1.39,29.239,-44.426,0,0,0,0,0.0030445,0,0.20281,0.15129,0.10632,0,0.26276,0.25995,0,0,0.16206,0.37237,0.30375,0.1377,0,0,0.41241,0.42998,0.1637,0,0.537,0.15831,0.081967,0.24192,0,0,0,0.426,0.20703,0,0,0,0,0,0,0,0.12506,0,0,0,0,0.26206,0,0,0,0,0.34707,0,0.274,0.20937,0.059719,0.57377,0.16557,0,0.07822,0,0,0.014052,0.40445,0.22108
28.87,-1.39,27.243,-43.688,0,0,0.16979,0,0.19977,0,0,0.17143,0.19602,0,0.30703,0.23372,0,0,0.11569,0.37635,0.11991,0.17377,0,0,0.50047,0.32201,0.044262,0,0.52576,0.096019,0,0.18689,0,0,0,0.2904,0.34614,0,0,0,0,0,0,0,0.16417,0,0,0,0,0.28689,0.039813,0,0,0,0.26745,0,0.33208,0.073536,0,0.52576,0.30867,0,0.12927,0,0,0,0.31569,0.24848
29.67,-1.39,24.518,-45.424,0,0,0.27049,0,0.16979,0,0.036066,0.17143,0.13607,0,0.2911,0.24309,0,0,0.13958,0.44848,0.24567,0.24169,0,0,0.48314,0.44215,0,0,0.49789,0.14309,0,0.1541,0,0,0,0.44637,0.37237,0,0,0,0,0,0,0,0.06534,0,0,0,0,0.29321,0,0,0,0,0.33888,0,0.28946,0.05808,0.070258,0.51663,0.29297,0,0,0,0,0,0.34098,0.18899
30.47,-1.39,25.568,-43.458,0,0,0.14965,0,0.19438,0,0,0.24169,0.10351,0,0.19719,0.25222,0,0,0.14778,0.39789,0.099063,0.24356,0,0,0.45433,0.39133,0,0,0.45855,0.14262,0,0.12178,0,0,0,0.5103,0.34473,0,0,0,0,0,0,0,0.019672,0,0,0,0,0.23138,0,0,0,0,0.32506,0,0.1911,0,0.066979,0.48173,0.30843,0,0.11522,0,0,0,0.31616,0.14286
31.27,-1.39,25.328,-41.783,0,0,0.052459,0,0.21007,0,0.15831,0.24286,0,0,0.27916,0.064871,0,0,0.033489,0.35269,0.22553,0.30164,0,0,0.43958,0.33747,0,0,0.46347,0.19813,0,0,0,0,0,0.53185,0.4459,0,0,0,0,0,0,0,0.1452,0,0,0,0,0.21124,0.093677,0,0,0,0.38033,0,0.29906,0.18267,0,0.35691,0.29906,0,0.029977,0,0,0.082436,0.32272,0.28126
32.07,-1.39,23.425,-43.804,0,0.038642,0.18782,0,0.10281,0,0.023185,0.13138,0.11241,0,0.39766,0.088993,0,0,0.10422,0.31803,0.12529,0.31546,0,0,0.37681,0.29532,0,0.022248,0.56909,0.21218,0,0.088525,0,0,0,0.48923,0.076112,0,0,0,0,0,0,0,0.014988,0,0,0,0,0.18876,0,0,0,0,0.30867,0,0.26792,0.014052,0.092506,0.39625,0.15738,0.022951,0.072365,0,0,0,0.37822,0.20328
32.87,-1.39,23.571,-46.327,0,0,0.019906,0,0.24403,0,0.20703,0.036066,0.11827,0,0.37119,0,0,0,0.03466,0.35855,0.20867,0.41265,0,0,0.45433,0.22506,0,0,0.51429,0,0,0,0,0,0,0.57799,0.19789,0,0,0,0,0,0,0,0.12974,0,0,0,0,0.30656,0,0,0,0,0.16393,0,0.26557,0,0,0.41194,0.263,0,0.041218,0,0,0.02904,0.39813,0.2644
35.14,-1.39,32.556,-33.717,0,0,0,0,0.27775,0,0.071897,0,0,0,0,0.0637,0,0,0,0.1555,0.11241,0.4993,0,0,0.32646,0,0,0.10047,0.48876,0.063934,0,0,0,0,0,0.61358,0.36885,0,0,0,0,0,0,0,0.10726,0,0,0,0,0.037939,0.36487,0,0,0,0.11241,0,0.039578,0,0,0.3363,0,0,0.035597,0,0,0,0.30141,0.13981
35.94,-1.39,34.356,-27.777,0,0,0.13162,0,0.22482,0,0.01897,0,0,0,0,0,0,0,0.073302,0.4,0.3171,0.42904,0,0,0.48899,0.15948,0,0.040047,0.39297,0.074941,0,0.3185,0,0,0,0.45925,0.5644,0,0,0,0,0,0,0,0.028103,0,0,0,0,0.11874,0.12623,0,0,0,0.29742,0,0.010539,0,0,0.35855,0,0,0.046838,0,0,0,0.29672,0.071897
35.14,-0.59,31.335,-37.484,0,0,0.17424,0,0.20656,0,0.27963,0,0,0,0,0,0,0,0,0.38829,0.22225,0.50445,0,0,0.12155,0.15363,0.082436,0,0.51429,0.23396,0,0,0,0,0,0.5548,0.45316,0,0,0,0.25574,0,0,0,0.14567,0,0,0,0,0.015457,0.2993,0,0,0,0.18595,0,0.04637,0,0,0.35667,0.044965,0,0.02623,0,0,0,0.34848,0.15574
35.94,-0.59,35.066,-32.606,0,0.02623,0.088525,0,0.16112,0,0.20585,0,0.11241,0,0,0,0,0,0,0.39368,0.29649,0.47728,0,0,0.33279,0.074941,0,0,0.52927,0.082436,0,0.38595,0,0,0,0.59438,0.45082,0,0,0,0.2274,0,0,0,0.073068,0,0,0,0,0.068852,0.16557,0,0,0,0.21265,0,0.14333,0,0,0.35878,0.043794,0,0.067447,0,0,0,0.363,0.056206
35.14,0.21,32.135,-38.358,0,0,0.056206,0,0.20398,0,0.22014,0.029977,0,0,0.059953,0,0,0,0,0.37073,0.33302,0.43864,0,0,0.26464,0,0.47143,0,0.62857,0.10117,0.41897,0.091335,0.32459,0.15433,0,0.64098,0.56979,0,0,0,0.45644,0.078689,0,0.086183,0,0,0.13208,0,0,0,0.20047,0,0,0,0.18384,0,0.18618,0,0,0.35574,0,0,0.037471,0.14731,0,0,0.39719,0.18735
35.94,0.21,35.647,-36.408,0,0.054098,0,0,0.10422,0,0.18431,0,0,0,0.065105,0,0,0,0,0.36698,0.24543,0.44567,0,0,0.39227,0.38642,0.47119,0,0.5644,0.19204,0.42529,0.11991,0.39766,0.20258,0,0.71054,0.55902,0,0,0,0.49649,0,0,0,0.029977,0,0,0,0,0,0.24239,0,0,0,0.033255,0,0,0,0,0.36768,0.0637,0,0,0.041218,0,0,0.30867,0.18525
35.14,1.01,35.1,-41.891,0,0,0.033724,0,0.053864,0,0.20726,0,0,0,0.11241,0,0,0,0,0.40281,0.18009,0.44309,0,0,0.47799,0.095785,0.49813,0.16112,0.5541,0,0.34005,0.25855,0.070258,0,0,0.71382,0.62576,0,0,0,0.5534,0.093677,0,0,0.029977,0,0.09555,0.085246,0,0,0.23841,0,0.029977,0,0.056206,0,0.18735,0,0,0.38267,0,0,0,0.052459,0,0.016393,0.40773,0.056206
35.94,1.01,35.742,-40.736,0,0,0,0,0.21991,0,0.21593,0,0,0,0,0,0,0,0,0.39133,0.28993,0.48384,0,0,0.45714,0.028103,0.41569,0.23138,0.49485,0.097424,0.052693,0.12365,0.14426,0,0,0.75714,0.62951,0,0,0,0.55527,0.17658,0,0,0.029977,0,0,0,0,0,0.34098,0,0,0,0.24239,0.28337,0.1445,0,0,0.42108,0,0,0.070258,0.10187,0,0,0.45246,0.057845
35.14,1.81,34.626,-48.771,0,0,0.012646,0.079157,0.26089,0,0.12412,0,0,0,0,0,0,0,0,0.34637,0.097424,0.38806,0,0,0.5,0,0.46768,0.078689,0.67143,0.2822,0.09555,0.14239,0.43091,0.28876,0,0.6726,0.70398,0.34052,0,0,0.61429,0.066042,0,0,0.08548,0,0,0.056206,0,0.043794,0.31967,0,0.015457,0,0.18361,0,0.19532,0,0,0.36674,0.10796,0,0.086417,0.088759,0,0,0.37611,0.036066
35.94,1.81,34.967,-46.668,0,0,0,0,0.35105,0,0.26698,0.037471,0,0.02623,0,0,0,0,0,0.42553,0.2918,0.52201,0,0,0.49578,0.15621,0.16417,0,0.62881,0.097424,0.16885,0.20937,0.42857,0.15714,0,0.6993,0.48782,0.011241,0,0,0.61429,0.088993,0,0,0,0,0,0.02459,0,0.022482,0.31007,0,0,0,0.0637,0,0.090164,0,0,0.38852,0.15316,0,0.10023,0.060187,0,0,0.34403,0.12365
35.14,2.61,28.289,-53.042,0,0,0.12272,0,0.068852,0,0.21405,0,0,0,0,0,0,0,0,0.4171,0.26698,0.41452,0,0.011241,0.47096,0.19297,0.33513,0.082436,0.56862,0,0,0,0,0,0,0.78571,0.50773,0,0,0,0.57143,0.22037,0,0,0.1445,0,0,0.0065574,0,0.039344,0.13068,0,0,0,0.17705,0,0.10211,0,0,0.41241,0.039578,0,0.0637,0.11756,0,0,0.34192,0.024356
35.94,2.61,29.146,-54.671,0,0,0.056206,0,0.14965,0,0.25785,0,0,0,0.071194,0,0,0,0,0.37939,0.12529,0.48735,0,0,0.41991,0.14543,0.046838,0,0.54356,0.074941,0,0.15363,0.10492,0,0,0.68946,0.46721,0,0,0,0.57143,0.14262,0,0,0.0070258,0,0,0,0,0,0.26862,0,0,0,0.12061,0.056206,0.076815,0,0,0.38735,0.1637,0,0,0,0,0,0.25504,0.035129
35.14,3.41,22.33,-47.94,0,0,0.093677,0,0.36698,0,0.079625,0,0.036066,0.029977,0.071194,0,0,0,0,0.34567,0.27002,0.45761,0,0,0.28689,0.11616,0,0,0.1644,0,0,0.32506,0,0,0,0.74286,0.50351,0,0,0,0.41382,0,0,0,0.15129,0,0,0,0,0.057143,0.14145,0,0,0,0.10258,0,0,0,0,0.37869,0,0,0,0,0,0,0.35527,0
35.94,3.41,20.122,-51.954,0,0,0.029977,0,0.12412,0,0.19555,0,0,0,0.097424,0,0,0,0,0.40679,0.2466,0.38946,0,0,0.47635,0.29368,0,0.13021,0.23489,0,0,0.44707,0,0,0,0.7185,0.48314,0,0,0,0.14286,0,0,0,0.037471,0,0,0,0,0,0.25457,0,0,0,0.2623,0,0.023419,0,0,0.32623,0,0,0.068618,0,0,0,0.42342,0.042155
35.14,4.21,21.521,-40.002,0,0,0.088759,0,0.035597,0.02623,0.13138,0,0,0,0,0,0,0,0,0.42951,0.29087,0.42342,0,0,0.47213,0,0,0,0,0.16721,0,0.13489,0,0,0,0.66815,0.51897,0,0,0,0.11241,0.23326,0,0,0,0,0,0,0,0,0.056206,0,0,0,0.037939,0,0.041218,0,0,0.36206,0.13489,0,0,0,0,0,0.25621,0.16487
35.94,4.21,22.794,-39.66,0,0,0,0,0.09719,0.018735,0.11522,0,0,0,0,0,0,0,0,0.40656,0.13138,0.43326,0,0,0.46393,0.10492,0,0,0.20304,0,0,0.43208,0,0,0,0.57307,0.30445,0,0,0,0.2192,0,0,0,0.10656,0,0,0,0,0,0.34684,0,0,0,0.056206,0,0.21874,0,0,0.3555,0.17119,0,0.022482,0,0,0,0.28689,0.12857
38.21,0.92,32.656,-51.669,0,0,0.20843,0,0.34403,0.11429,0.095082,0.014052,0,0.044965,0.10843,0,0.040749,0,0.022482,0.29485,0.18337,0.36066,0,0.029977,0.40867,0.18829,0.039344,0.051522,0.49555,0.20047,0.078689,0.36651,0.35948,0.13115,0,0.88454,0.48173,0,0.066745,0,0.55363,0.25667,0,0,0.029977,0,0,0.15527,0,0.029977,0.048946,0,0,0,0.12553,0,0.055504,0,0,0.25667,0,0.012646,0,0.0070258,0.025761,0.15972,0.33724,0.14239
39.01,0.92,27.36,-53.313,0,0.088993,0.033724,0,0.45644,0.12553,0.42576,0,0,0.035129,0.028103,0,0.15831,0.02459,0,0.34286,0.0093677,0.326,0.076815,0.11733,0.37143,0.29672,0,0,0.57073,0.13021,0.12037,0.29532,0.35667,0.071194,0.19766,0.85855,0.6459,0,0.057845,0,0.47377,0.19859,0,0,0.029977,0,0,0.1644,0,0.014988,0,0,0,0,0.048712,0,0.073536,0,0,0.23536,0.018735,0,0.081265,0.090632,0,0.15527,0.33911,0.0093677
39.81,0.92,25.669,-53.604,0.02623,0.28806,0.02904,0,0.46628,0.25129,0.33279,0.044965,0,0,0.02623,0,0.13443,0.087588,0,0.27447,0.16136,0.32951,0.23091,0.022482,0.39415,0.058548,0.18829,0,0.3815,0.21546,0,0.60843,0.4178,0.1377,0.29508,0.98478,0.88009,0,0.083372,0,0.48126,0,0,0,0,0,0,0.022482,0,0.045433,0,0,0,0,0.22061,0,0,0,0,0.20703,0,0,0.029977,0.1082,0.14192,0.17775,0.31311,0
40.61,0.92,24.939,-54.273,0,0.044262,0,0,0.52857,0.26745,0.27143,0.071194,0,0.056206,0.029977,0,0.0084309,0.10913,0,0.32225,0.25902,0.32529,0.20749,0,0.19438,0,0,0,0.49087,0.16768,0.04637,0.52787,0.40984,0.078689,0.16745,0.82319,0.7007,0,0.068852,0,0.47916,0.20913,0,0,0.02623,0,0,0.12459,0,0.022951,0,0,0,0,0.12225,0,0.022482,0,0,0.21358,0,0.024356,0.032787,0.070258,0.16464,0.21686,0.28782,0.041218
41.41,0.92,23.838,-51.861,0.063934,0.27307,0.047073,0,0.59532,0.25831,0.29836,0,0,0.047775,0,0,0.13349,0.1267,0,0.26721,0.21077,0.26885,0.3185,0,0.073068,0,0,0.056206,0.33208,0,0,0.18314,0.39508,0.09555,0.40117,0.90351,0.75082,0,0,0,0.58431,0.33185,0,0,0,0,0,0.23817,0,0.04356,0,0,0,0,0.1466,0,0,0,0,0.096019,0,0.061827,0,0.17237,0.058314,0.22763,0.25995,0
42.21,0.92,26.246,-50.179,0.071194,0.2466,0,0,0.68618,0.29953,0.35761,0.084309,0,0,0,0,0.1,0.08267,0,0.22974,0.1281,0.16792,0.22037,0.036066,0.38501,0.098361,0,0,0.48126,0.2726,0,0.13489,0.43326,0.071194,0.40984,0.74567,0.59625,0,0.10117,0,0.53466,0.23279,0,0,0,0,0,0.13817,0,0.022482,0,0,0,0,0,0,0.046136,0,0,0.18806,0,0.014754,0.022951,0.1726,0.16956,0.263,0.2192,0
42.36,0.92,26.695,-50.042,0,0.22927,0.019906,0,0.63958,0.26979,0.34403,0.077752,0,0.033724,0,0,0.11593,0.19953,0,0.16183,0.018033,0.11171,0.29532,0.15457,0.32951,0.16909,0,0,0.49157,0.078689,0,0.30445,0.42857,0,0.35363,0.75059,0.50094,0,0,0,0.52857,0.12412,0,0,0.035597,0,0,0.084778,0,0.029977,0,0,0,0,0.022482,0,0.029977,0,0,0.1089,0,0.0093677,0.022482,0.13302,0.16253,0.16932,0.14052,0
43.16,0.92,28.443,-49.494,0.14286,0.19578,0.021311,0,0.60375,0.26838,0.36651,0.035597,0,0.21663,0,0,0.10913,0.18571,0,0.27611,0.068852,0.061827,0.28712,0.029977,0.22225,0,0,0.06089,0.45761,0.2171,0,0.46019,0.4178,0,0.26557,0.79742,0.76393,0,0.071194,0,0.54848,0.046838,0,0,0,0,0.056206,0.15597,0,0.004918,0,0,0,0,0.0093677,0,0.014988,0,0,0.091803,0,0.029977,0,0.048712,0.21405,0.20609,0.13138,0
43.96,0.92,27.871,-49.107,0.025761,0.1623,0,0,0.53489,0.2993,0.47049,0.033724,0.048712,0.18618,0,0,0.10984,0.16206,0,0.22553,0.098361,0.13255,0.27986,0.17588,0.38478,0,0,0,0.47354,0.17049,0,0.16698,0.44075,0.1274,0.36159,0.77377,0.85012,0,0.071194,0,0.55621,0.36347,0,0,0,0,0.059953,0.13419,0,0,0,0,0,0,0.022482,0,0,0,0,0.1089,0,0,0.039344,0,0.2452,0.23911,0.14192,0
44.76,0.92,26.422,-48.19,0,0.34192,0,0,0.45995,0.28525,0.48126,0,0,0.25902,0,0,0.13162,0.14543,0,0.012646,0.15504,0.035129,0.28665,0.14543,0.050585,0,0,0.067447,0.52529,0.071194,0,0.42248,0.44239,0.055738,0.34543,0.71429,0.63185,0,0.015925,0,0.56112,0.3897,0,0,0,0,0.041218,0.073536,0,0,0,0,0,0,0.014988,0,0,0,0,0,0,0.045902,0,0.16393,0.26792,0.18852,0,0
45.56,0.92,26.47,-45.64,0.1445,0.16815,0,0,0.53255,0.31546,0.47471,0,0,0.38431,0,0,0.10304,0.24684,0,0.037471,0.06089,0.011241,0.27494,0.095316,0.043091,0,0,0.15129,0.54379,0,0,0.32155,0.39813,0.15316,0.29485,0.72319,0.72857,0.082436,0.032787,0,0.63653,0.41827,0,0,0,0,0,0.16347,0,0,0,0,0,0,0,0,0,0,0,0.126,0,0.029977,0,0.056206,0.21194,0.19789,0,0
46.36,0.92,29.088,-41.882,0.078689,0.36768,0,0,0.43443,0.28478,0.49649,0,0,0.26932,0,0,0.12693,0.2281,0,0,0,0.10492,0.4185,0.11546,0,0,0,0,0.55246,0,0,0.13794,0.39649,0,0.14473,0.7096,0.45574,0,0.071194,0,0.5904,0.20867,0,0,0,0,0.15199,0.11101,0,0,0,0,0,0,0.029977,0,0.029977,0,0,0.053162,0,0.22084,0,0.12389,0.29859,0.28806,0,0
47.16,0.92,32.249,-40.756,0.18946,0.42506,0,0,0.39087,0.38056,0.52037,0,0,0.31382,0,0,0.16956,0.25457,0,0.041218,0,0.022482,0.34426,0.2466,0.35246,0,0,0,0.59508,0.1096,0,0.26768,0.40328,0.17541,0.16393,0.72248,0.48712,0.24731,0.10843,0,0.59157,0.09274,0,0,0,0,0.16581,0.22506,0,0,0,0,0,0,0,0,0.018735,0,0,0.12693,0,0.14145,0,0.048712,0.31101,0.3555,0.029977,0
47.96,0.92,35.064,-41.852,0.23162,0.31382,0,0,0.5103,0.41265,0.55667,0,0,0.37119,0,0,0.10585,0.33607,0,0.11054,0,0,0.35738,0.14028,0.31358,0,0,0,0.63419,0.12178,0,0.3171,0.42295,0.078689,0.043091,0.6733,0.40398,0.38571,0,0.067447,0.56089,0.24356,0,0,0,0,0.02623,0.19977,0,0,0,0,0,0,0,0,0.021311,0,0,0.13326,0,0.24637,0,0.090164,0.29672,0.38525,0.071194,0
48.11,0.92,35.498,-42.336,0.25176,0.36042,0,0,0.47635,0.35105,0.54169,0,0,0.35105,0,0,0.126,0.23326,0,0.12974,0,0,0.33443,0.1719,0,0,0,0,0.62951,0.078689,0,0.22389,0.42084,0.13021,0.28806,0.67354,0.4623,0.37143,0.053864,0.059953,0.60867,0.46768,0,0,0,0,0,0.24192,0,0,0,0,0,0,0,0,0.066511,0,0,0.031616,0,0.20913,0,0.08993,0.41803,0.41522,0.021077,0
48.91,0.92,37.148,-46.586,0.20468,0.5103,0,0,0.5082,0.28712,0.57143,0,0,0.46581,0,0,0.20492,0.28314,0,0,0,0.040281,0.40211,0.1548,0,0,0,0,0.6445,0,0,0.16253,0.42084,0.056206,0.27588,0.71288,0.42155,0.37143,0.044496,0,0.62951,0.34543,0,0,0,0,0,0.10515,0,0,0,0,0,0,0,0,0,0,0,0.033724,0,0.24192,0,0.13794,0.38829,0.32295,0,0
49.71,0.92,37.348,-48.248,0.010773,0.57143,0,0,0.39485,0.47096,0.5,0,0,0.58314,0,0,0.30187,0.26745,0,0.02623,0,0,0.40492,0.14098,0,0,0,0,0.58829,0,0,0,0.42763,0.14637,0.045433,0.67237,0.18595,0.21405,0.067447,0.088056,0.62623,0.20913,0,0,0,0,0,0.19649,0,0,0,0,0,0,0,0,0,0,0,0,0,0.26885,0.044262,0.17119,0.089227,0.38946,0.022482,0
50.51,0.92,36.584,-46.856,0.024356,0.46019,0,0,0.30211,0.47447,0.38361,0,0,0.38244,0,0,0.33419,0.10492,0,0.029977,0.061124,0,0.50094,0.18782,0,0,0,0,0.57564,0,0,0.082436,0.3829,0.096487,0,0.69906,0.40937,0.10492,0,0.11405,0.61639,0.16159,0,0,0,0,0,0.3185,0,0,0,0,0,0,0.013115,0,0,0,0,0.040749,0,0.21265,0,0.126,0.10023,0.44543,0.016862,0
51.31,0.92,34.485,-44.033,0.02623,0.37002,0,0,0.2918,0.39344,0.35129,0.004918,0,0.55527,0,0,0.33653,0.11499,0,0.02623,0,0,0.47939,0.17869,0,0,0,0,0.55222,0.099297,0,0.14052,0.39251,0.24824,0,0.72857,0.14052,0.20304,0.063934,0,0.62717,0.24895,0,0,0,0,0.25948,0.19766,0,0,0,0,0,0,0.021311,0,0,0,0,0,0,0.24356,0,0.19016,0.088525,0.3918,0,0
38.21,1.72,24.367,-53.613,0.091803,0.17049,0.028337,0,0.3178,0,0.21663,0,0.13817,0.078689,0.15105,0,0.030445,0,0,0.32857,0.24379,0.40492,0.066511,0,0.38689,0.27283,0.078689,0.067447,0.58571,0.11311,0.033724,0.50141,0.093677,0,0,0.81311,0.52553,0,0,0,0.64052,0.20562,0,0,0.0726,0,0,0.028337,0,0,0.19649,0,0,0,0.18829,0,0.069087,0,0,0.18946,0,0,0,0.11054,0.13489,0.079157,0.30468,0.10609
39.01,1.72,22.942,-53.325,0,0.24848,0,0,0.38712,0.21546,0.21874,0.04637,0.11569,0.041218,0.065574,0,0.071663,0.042155,0,0.25925,0.18056,0.36815,0,0.076815,0.40164,0.17892,0,0,0.57096,0.0637,0.3,0.31663,0.27681,0.1096,0.0637,0.95621,0.64379,0,0,0,0.6,0.30984,0,0,0.037471,0,0,0.18759,0,0.048712,0.062763,0,0,0,0.19719,0,0.004918,0,0,0.20492,0,0.037471,0,0.10492,0,0.085714,0.27002,0.082201
39.81,1.72,28.2,-51.843,0,0.048712,0,0,0.46838,0.29859,0.32787,0,0.02459,0.23536,0.11803,0,0.12201,0.033724,0,0.083372,0.25222,0.33279,0.23888,0.021311,0.34988,0.28665,0,0.027869,0.52857,0.082436,0.17986,0.2452,0.35433,0,0.14145,0.87096,0.80656,0,0,0,0.57307,0.087588,0,0,0.034426,0,0,0.12037,0,0,0.019672,0,0,0,0.044028,0,0.079859,0,0,0.23536,0,0,0,0,0,0.20375,0.1541,0.019672
40.61,1.72,34.889,-53.034,0,0.039578,0,0,0.40258,0.2445,0.25035,0,0,0.074941,0.096956,0,0.028806,0.043091,0,0.052693,0.15738,0.33443,0.27213,0.04192,0.076112,0.067447,0,0.099532,0.51429,0.066979,0,0.45902,0.3918,0.063934,0.063934,0.89602,0.726,0,0,0,0.53138,0.27752,0,0,0,0,0,0.20937,0,0,0,0,0,0,0,0,0.044965,0,0,0.19016,0.018267,0,0,0.068618,0.056206,0.21616,0.21429,0.018735
41.41,1.72,40.926,-53.884,0.02623,0.25222,0,0,0.63419,0.37283,0.35714,0,0,0,0,0,0.13747,0.047307,0,0.094614,0.033489,0.25597,0.28782,0.026932,0.34637,0.22084,0,0.071194,0.5541,0.048946,0,0.54918,0.13653,0.074941,0.2445,0.84122,0.5541,0,0,0,0.61077,0.22506,0,0,0.077283,0,0,0.18103,0,0,0,0,0,0,0.0070258,0,0.033489,0,0,0.092037,0,0,0.011241,0.023185,0.18056,0.24333,0.097892,0
42.21,1.72,38.028,-52.523,0,0.21499,0,0,0.59415,0.35691,0.34426,0,0,0.16815,0.0056206,0,0.045667,0.18618,0,0,0.12927,0.30773,0.32319,0.071194,0.044965,0.063934,0,0,0.47307,0.1171,0.12295,0.32272,0.37658,0,0.33068,0.78478,0.46089,0,0.098829,0,0.55199,0.17424,0,0,0.048712,0,0,0.063232,0,0,0,0,0,0,0.022482,0,0.033724,0,0,0.21311,0,0,0.029977,0,0.20281,0.16721,0.045667,0
42.36,1.72,36.83,-52.085,0.021077,0.30281,0,0,0.54871,0.1822,0.33185,0.033724,0.045199,0.24496,0.030445,0,0.14052,0.19438,0,0.20867,0,0.25855,0.30632,0.20445,0.33044,0.23536,0,0.067447,0.52623,0,0,0.33302,0.37775,0,0.45667,0.67541,0.8459,0,0.097424,0,0.57447,0.31007,0,0,0,0,0,0.13981,0,0.018735,0,0,0,0,0,0,0.05808,0,0,0.22037,0,0.14309,0,0.074005,0.044028,0.14543,0.1096,0
43.16,1.72,29.745,-49.743,0.016862,0.2911,0,0,0.59274,0.32857,0.46674,0.028337,0.023185,0.17283,0,0,0.00093677,0.13607,0,0,0.094848,0.15667,0.30117,0.035363,0.39883,0.14239,0,0,0.4904,0.15972,0,0.4829,0.34543,0.13794,0.35386,0.77822,0.78712,0,0,0,0.63934,0.2534,0,0,0,0,0,0.14778,0,0.081499,0,0,0,0,0,0,0.012881,0,0,0.2082,0,0,0.015457,0.041218,0.12436,0.1452,0.018267,0
43.96,1.72,26.442,-47.437,0.20656,0.17611,0,0,0.56089,0.2185,0.51311,0,0.022482,0.19906,0,0,0.03466,0.22014,0,0.096956,0,0.1171,0.27869,0,0.35714,0,0,0,0.52857,0,0,0.39742,0.35433,0.026698,0.37049,0.71663,0.7,0,0.071194,0,0.64286,0.45269,0,0,0,0,0,0.17049,0,0,0,0,0,0,0,0,0,0,0,0.028337,0,0.1466,0,0.10796,0.15761,0.25105,0,0
44.76,1.72,25.578,-44.69,0,0.38454,0,0,0.45995,0.26019,0.53536,0,0,0.24473,0,0,0.22037,0.24778,0,0.080094,0,0.075176,0.23817,0.14215,0.12319,0,0,0,0.50141,0,0,0.33747,0.40656,0.067447,0.31101,0.72998,0.47752,0,0.18829,0,0.58642,0.28501,0,0,0,0,0,0.049649,0,0,0,0,0,0,0,0,0.05808,0,0,0,0,0,0,0.087354,0.19063,0.17658,0,0
45.56,1.72,25.266,-40.993,0,0.39063,0,0,0.42225,0.28478,0.57869,0,0,0.30164,0,0,0.15691,0.18876,0,0.077283,0.050585,0.11241,0.35667,0.19344,0,0,0.14426,0,0.46956,0,0,0.37752,0.40117,0.039813,0.21499,0.67143,0.76183,0,0.046838,0,0.64473,0,0,0,0,0,0.18806,0.20094,0,0,0,0,0,0,0,0,0,0,0,0.046838,0,0.19719,0.028103,0.17728,0.19274,0.22506,0,0
46.36,1.72,27.211,-39.27,0.11101,0.32857,0,0,0.48033,0.3452,0.52529,0.02623,0,0.15878,0,0,0.10726,0.28337,0,0,0,0.022482,0.34403,0.14192,0,0,0,0,0.48829,0,0,0,0.36979,0,0.18735,0.68759,0.72459,0,0.11054,0,0.62763,0.38197,0,0,0,0,0.21171,0.12717,0,0,0,0,0,0,0,0,0,0,0,0.12412,0,0.22646,0,0.029508,0.29789,0.27237,0.030913,0
47.16,1.72,30.331,-41.022,0.052459,0.084778,0,0,0.47845,0.33724,0.53349,0,0,0.27986,0,0,0.21054,0.2815,0,0,0.058548,0.016862,0.31803,0.1007,0,0,0,0.063232,0.4726,0,0,0.19087,0.33255,0,0.22178,0.73326,0.57822,0.034426,0,0,0.54098,0.38548,0,0,0,0,0.23794,0.18923,0,0,0,0,0,0,0.063934,0,0,0,0,0.11874,0,0.11663,0,0.17307,0.3267,0.36651,0.088525,0
47.96,1.72,32.853,-44.837,0.10445,0.48571,0,0,0.46885,0.39415,0.58735,0,0,0.40984,0,0,0.10609,0.28946,0,0,0.016393,0,0.34098,0.094379,0,0,0,0,0.50281,0,0,0.1185,0.26932,0.067447,0.22389,0.62834,0.51288,0.26698,0.0637,0,0.55527,0.33326,0,0,0,0,0.15176,0.10703,0,0,0,0,0,0,0,0,0,0,0,0,0,0.059016,0,0.12482,0.24333,0.31475,0,0
48.11,1.72,33.203,-45.947,0,0.44098,0,0,0.41639,0.3452,0.49087,0,0,0.40047,0,0,0.15176,0.28337,0,0,0,0,0.35761,0.15457,0,0,0,0,0.49578,0,0,0.078689,0.21897,0.067447,0.22061,0.69789,0.56323,0.20281,0,0,0.55995,0.31616,0,0,0,0,0.11944,0.20141,0,0,0,0,0,0,0,0,0,0,0,0.037471,0,0.087354,0,0.17775,0.23794,0.30726,0,0
48.91,1.72,33.179,-52.501,0.074941,0.32904,0,0,0.47986,0.39578,0.45902,0,0,0.41944,0,0,0.31639,0.28501,0,0,0,0,0.33021,0.041218,0,0,0,0,0.47681,0.067447,0,0.35504,0.25855,0,0.26417,0.68665,0.59438,0.093677,0.10328,0,0.58665,0.29157,0,0,0,0,0.010539,0.25691,0,0,0,0,0,0,0.029977,0,0,0,0,0.024356,0,0.26112,0,0.11686,0.19672,0.41007,0,0
49.71,1.72,32.823,-52.571,0,0.38103,0,0,0.5089,0.3993,0.50281,0,0,0.55035,0,0,0.21733,0.30117,0,0,0,0,0.42319,0.19297,0,0,0,0.19532,0.52553,0.050585,0,0,0.12834,0,0,0.63044,0.48126,0,0,0.19555,0.61429,0.24778,0,0,0,0,0.078689,0.21733,0,0,0,0,0,0,0,0,0,0,0,0.1548,0,0.28548,0,0,0.2719,0.3644,0.059719,0
50.51,1.72,32.971,-46.482,0.033724,0.50422,0,0,0.36464,0.54941,0.43396,0,0,0.57354,0,0,0.28852,0.12857,0,0,0.016862,0,0.46745,0.25831,0,0,0,0,0.474,0,0,0.17237,0.51241,0,0.074941,0.63091,0.31991,0.38571,0,0.17213,0.67822,0.18173,0,0,0,0,0.28173,0.32951,0,0,0,0,0,0,0,0,0,0,0,0.033489,0,0.22061,0,0.10539,0.16792,0.3815,0.0084309,0
51.31,1.72,30.573,-41.957,0,0.51429,0,0,0.4726,0.37143,0.39415,0.029977,0,0.53724,0,0,0.41593,0.10164,0,0,0,0,0.37635,0.24871,0,0,0,0,0.50585,0,0,0,0.4719,0,0,0.59251,0.25246,0.41265,0,0,0.63091,0.3459,0,0,0,0,0.30468,0.29133,0,0,0,0,0,0,0,0,0,0,0,0.024356,0,0.32248,0,0.24754,0.078689,0.44918,0.0074941,0
