0.75,0.73,30.264,-38.604,0,0,0,0,0,0,0,0.52012,0,0,0,0,0,0,0,0.40292,0.40422,0,0,0.48304,0.48244,0,0,0,0,0,0,0.75792,0.75821,0.64286,0.64038,0,0,0,0,0.46909,0.46334,0.29558,0.29796,0.54551,0.54352,0.38352,0.38571,0,0,0,0,0,0,0.35556,0.34945,0,0,0,0,0,0,0,0,0,0,0,0,0,0,0,0,0,0,0,0,0,0
1.5,0.73,28.991,-37.818,0,0,0,0,0,0,0,0.46122,0,0,0,0,0,0,0,0.37973,0.37282,0,0,0.35903,0.35924,0,0,0,0,0,0,0.69792,0.6931,0.58901,0.58304,0,0,0,0,0.47143,0.44286,0,0,0.5242,0.52362,0.37143,0.37143,0,0,0,0,0,0,0.35714,0.35714,0,0,0,0,0,0,0,0,0,0,0,0,0,0,0,0,0,0,0,0,0,0
2.25,0.73,25.742,-35.973,0,0,0,0,0,0,0,0.34464,0,0,0,0,0,0,0,0,0.31429,0,0,0.35167,0.34089,0,0,0,0,0,0,0.7,0.6961,0.64286,0.65804,0,0,0,0,0.42857,0.42857,0,0,0.5007,0.4993,0,0,0,0,0,0,0,0,0,0,0,0,0,0,0,0,0,0,0.32857,0.32857,0,0,0,0,0,0,0,0,0,0,0,0
3,0.73,18.524,-36.543,0,0,0,0,0,0,0,0.35813,0,0,0,0,0,0,0,0.32857,0.31429,0,0,0.36464,0.36016,0,0,0,0,0,0,0.63385,0.62507,0.62857,0,0,0,0,0,0.54684,0.54426,0,0,0.4274,0.42061,0,0,0,0,0,0,0,0,0.35714,0.34286,0,0,0,0,0,0,0,0,0.30336,0.30519,0,0,0,0,0,0,0,0,0,0,0,0
3.75,0.73,18.562,-36.842,0,0,0,0,0,0,0,0.35714,0,0,0,0,0,0,0,0,0,0,0,0.37143,0.37143,0,0,0,0,0,0,0.62032,0.625,0.62857,0.64286,0,0,0,0,0.41171,0.40913,0,0,0.43302,0.43044,0,0,0,0,0,0,0,0,0.34286,0,0,0,0,0,0,0,0,0,0.34321,0.33626,0,0,0,0,0,0,0,0,0,0,0,0
4.5,0.73,20.105,-37.835,0,0,0,0,0,0,0,0.29416,0,0,0,0,0,0,0,0,0,0,0,0.32857,0,0,0,0,0,0,0,0.6539,0.64935,0.62857,0.58571,0,0,0,0,0.41951,0.41621,0,0,0.42576,0.41967,0,0,0,0,0,0,0,0,0.35102,0.35306,0,0,0,0,0,0,0,0,0.32857,0.32857,0,0,0,0,0,0,0,0,0,0,0,0
5.25,0.73,20.692,-38.952,0,0,0,0,0,0,0,0.34167,0,0,0,0,0,0,0,0,0,0,0,0.34737,0.34082,0,0,0,0,0,0,0.69412,0.68445,0.62857,0.58571,0,0,0,0,0,0,0,0,0.35,0.34122,0,0,0,0,0,0,0,0,0.35714,0.31765,0,0,0,0,0,0,0,0,0.37143,0.37143,0,0,0,0,0,0,0,0,0,0,0,0
6,0.73,20.915,-40.694,0,0,0,0,0,0,0,0,0,0,0,0,0,0,0,0,0,0,0,0.3391,0.33878,0,0,0.34286,0.33469,0,0,0.63571,0.625,0.62857,0.61429,0,0,0,0,0.34286,0.32857,0,0,0.38009,0.38257,0,0,0,0,0,0,0,0,0.30286,0.32857,0,0,0,0,0,0,0,0,0.33187,0.33242,0,0,0,0,0,0,0,0,0,0,0,0
6.75,0.73,21.805,-42.776,0,0,0,0,0,0,0,0,0,0,0,0,0,0,0,0,0,0,0,0.34286,0.32857,0,0,0.32857,0.33143,0,0,0.66531,0.65816,0.62857,0,0,0,0,0,0.34286,0.33361,0,0,0.39063,0.38712,0,0,0,0,0,0,0,0,0.28571,0.28571,0,0,0,0,0,0,0,0,0.39485,0.38712,0,0,0,0,0,0,0,0,0,0,0,0
7.5,0.73,22.546,-43.768,0,0,0,0,0,0,0,0.28571,0,0,0,0,0,0,0,0,0,0,0,0,0,0,0,0.38377,0.37643,0,0,0.64057,0.63114,0.62857,0.60376,0,0,0,0,0,0.34286,0,0,0.36059,0.35091,0,0,0,0,0,0,0,0,0,0,0,0,0,0,0,0,0,0,0.42033,0.41648,0,0,0,0,0,0,0,0,0,0,0,0
8.25,0.73,23.422,-44.478,0,0,0,0,0,0,0,0,0,0,0,0,0,0,0,0,0,0,0,0,0,0,0,0.34805,0.34805,0,0,0.6563,0.65126,0.62857,0,0.36253,0.35199,0.3,0.3,0,0,0,0,0.35714,0.34286,0,0,0,0,0.35714,0.35556,0,0,0,0,0,0,0,0,0.35378,0.36429,0,0,0.49236,0.48695,0,0,0,0,0,0,0,0,0,0,0,0
9,0.73,24.919,-44.611,0,0,0,0,0,0,0,0,0,0,0,0,0,0,0,0,0,0,0,0,0,0,0,0,0,0,0.28571,0.72857,0.72857,0.62857,0.57143,0.3829,0.37869,0,0,0.34286,0.32857,0,0,0,0,0,0,0,0,0.37365,0.37389,0,0,0,0,0,0,0,0,0.40714,0.40079,0.28571,0.29048,0.51429,0.51429,0,0,0,0,0,0,0,0,0,0,0,0
9.75,0.73,27.167,-44.756,0,0,0,0,0,0,0,0.28571,0,0,0,0,0,0,0,0,0,0,0,0,0,0,0,0.37778,0.36857,0.34286,0.34286,0.64835,0.64835,0.62857,0.5417,0.49508,0.49063,0.3487,0.35844,0,0,0,0,0.32857,0.32857,0,0,0,0,0.46731,0.46071,0,0,0,0,0,0,0,0,0.36264,0.35802,0.36264,0.37143,0.52326,0.52326,0,0,0,0,0,0,0,0,0,0,0,0
10.5,0.73,29.936,-45.258,0,0,0,0,0,0,0,0,0,0,0,0,0,0,0,0,0,0,0,0,0,0,0,0.48312,0.48163,0.3559,0.36122,0.59073,0.58726,0.62857,0.5449,0.41265,0.40913,0.34416,0.33636,0,0,0,0,0,0.31429,0,0,0,0,0.53178,0.52391,0,0,0,0,0.439,0.439,0,0,0.43552,0.4166,0,0.41429,0.61708,0.61056,0,0.34286,0,0,0,0,0,0,0,0,0,0
11.25,0.73,34.768,-45.689,0,0,0,0,0,0,0,0,0,0,0,0,0,0,0,0,0,0,0,0.32857,0,0,0,0.59112,0.58109,0.41654,0.43083,0.6,0.6,0.62857,0.56387,0.51077,0.50375,0.32857,0.32857,0,0,0,0,0,0,0,0,0,0,0.5344,0.52724,0.37143,0.37857,0,0,0.44286,0.37589,0,0,0.42857,0.40827,0.39493,0.39631,0.6665,0.66701,0.44286,0.42857,0,0,0,0,0,0,0,0,0,0
12,0.73,35.719,-45.754,0,0,0,0,0,0,0,0,0,0,0,0,0,0,0,0,0,0,0,0,0,0,0,0.62749,0.62453,0.55404,0.55901,0.52929,0.53448,0.62857,0.59351,0.46909,0.45597,0,0,0.36565,0.36364,0,0,0.32208,0.33445,0,0,0,0,0.60934,0.60797,0.48571,0.47143,0,0,0.35816,0.35306,0.3,0.29286,0.46126,0.45385,0.40546,0.41008,0.61923,0.61923,0.40549,0.42063,0,0,0,0,0,0,0,0,0,0
12.75,0.73,30.348,-46.325,0,0,0,0,0,0,0,0,0,0,0,0,0,0,0.30847,0,0,0,0,0,0,0,0,0.64286,0.64286,0.59261,0.57044,0.56578,0.56512,0.61733,0.41726,0.41358,0.4096,0,0,0.36786,0.36612,0,0,0.35785,0.35597,0,0,0,0,0.60401,0.60125,0.51429,0.5,0,0,0.37143,0.37143,0,0,0.47351,0.46364,0.40408,0.41429,0.65442,0.65034,0.38403,0.38361,0,0,0,0,0,0,0,0,0,0
13.5,0.73,27.994,-46.71,0,0,0,0,0,0,0,0,0,0,0,0,0,0,0,0,0,0,0,0.32857,0.32857,0,0,0.65031,0.64658,0.57286,0.58286,0.72857,0.72418,0.41429,0.55714,0.46721,0.45597,0,0,0.37143,0.37143,0,0,0.37049,0.36727,0,0,0,0,0.66417,0.65902,0.47937,0.49365,0,0,0.33846,0.33571,0.3,0.31429,0.5007,0.49368,0.38929,0.39643,0.65433,0.65433,0.44929,0.44786,0,0,0,0,0,0,0,0,0,0
14.25,0.73,27.598,-47.226,0,0,0,0,0,0,0,0.28571,0,0,0,0,0,0,0,0,0,0,0,0.31429,0.31429,0,0,0.65458,0.64689,0.55714,0.61429,0.69685,0.68692,0.41429,0.54286,0.52037,0.51499,0,0.44286,0.34286,0.35714,0,0,0.33636,0.33205,0,0,0,0,0.64215,0.64215,0.45714,0.48393,0,0,0.44444,0.44113,0.4375,0.43846,0.46862,0.45667,0.40756,0.40932,0.63929,0.63661,0.42646,0.42646,0,0,0,0,0,0,0,0,0,0
15,0.73,27.439,-47.679,0,0,0,0,0,0,0,0,0,0,0,0,0,0,0.30304,0,0,0,0,0.3,0,0,0,0.67143,0.67143,0.6289,0.63654,0.68018,0.67143,0.44778,0.53061,0.46909,0.46206,0,0,0.31639,0.32222,0,0,0.34286,0,0,0,0,0,0.63987,0.6374,0.52673,0.53088,0,0,0.49447,0.49447,0.36071,0.35446,0.43555,0.43522,0.44286,0.44286,0.70909,0.7039,0.48476,0.48961,0,0,0,0,0,0,0,0,0,0
15.75,0.73,26.451,-47.032,0,0,0,0,0,0,0,0,0,0,0,0,0,0,0,0,0,0,0,0,0.31429,0,0,0.62857,0.62081,0.55714,0.55833,0.62857,0.62857,0.48571,0.59524,0.48337,0.48009,0.44286,0.47143,0.3344,0.32915,0,0,0,0,0,0,0,0,0.66531,0.67563,0,0,0,0,0.35564,0.35543,0.35143,0.35714,0.51513,0.51513,0.44244,0.4437,0.68107,0.67679,0.47532,0.48052,0,0,0,0,0,0,0,0,0,0
16.5,0.73,26.253,-44.853,0,0,0,0,0,0,0,0,0,0,0,0,0,0,0.30961,0.33857,0.33697,0,0,0.31429,0,0,0,0.66371,0.662,0.55419,0.55172,0.66873,0.66873,0.48571,0.54433,0.537,0.53372,0.43469,0.43469,0.35012,0.34098,0,0,0.34891,0.34019,0,0.28571,0,0,0.65621,0.6541,0.51071,0.51429,0,0,0.44123,0.43799,0.35646,0.35646,0.45059,0.44496,0,0,0.67143,0.6746,0.44286,0.45238,0,0,0,0,0,0,0,0,0,0
17.25,0.73,26.849,-42.804,0,0,0,0,0,0,0,0,0,0,0,0,0,0,0,0,0.35714,0,0,0,0,0,0,0.62304,0.62995,0.65714,0.67143,0.68304,0.67455,0.48571,0.55486,0.49157,0.4822,0.45714,0.45714,0.32217,0.31991,0,0,0.35059,0.35059,0,0,0,0,0.6548,0.65152,0.50659,0.50659,0,0,0.43571,0.41429,0.40989,0.41832,0.47471,0.46651,0.45,0.44286,0.64286,0.64286,0.4511,0.4511,0,0,0,0,0,0,0,0,0,0
18,0.73,27.709,-40.329,0,0,0,0,0,0,0,0,0,0,0,0,0,0,0,0.36627,0.3619,0,0,0,0,0,0,0.66633,0.65714,0.59362,0.60179,0.67055,0.66239,0.48571,0.52857,0.5,0.49719,0.41429,0.38571,0.31837,0.31429,0,0,0.35714,0.34286,0,0,0,0,0.62987,0.61896,0.54048,0.55714,0,0,0.4609,0.4481,0.37768,0.37232,0.49351,0.49065,0.44229,0.45549,0.65332,0.65332,0.53175,0.54343,0,0,0,0,0,0,0,0,0,0
18.75,0.73,28.855,-38.011,0,0,0,0,0,0,0,0,0.2937,0,0,0,0,0,0,0,0,0,0,0.35293,0.34637,0,0,0.58143,0.57619,0.61429,0.61149,0.60714,0.5994,0.48571,0.55714,0.47939,0.46628,0.41429,0.41429,0.34941,0.34614,0,0,0.37002,0.35855,0,0,0,0,0.64342,0.64534,0.45113,0.45113,0,0,0.37321,0.37257,0.4,0.37143,0.49006,0.48768,0.45714,0.47143,0.70743,0.70122,0.5,0.52571,0,0,0,0,0,0,0,0,0,0
19.5,0.73,29.238,-38.9,0,0,0,0,0,0,0,0,0,0,0,0,0,0,0.31569,0,0,0,0,0.32143,0.32143,0,0,0.61429,0.61429,0.54286,0.5381,0.64898,0.64082,0.57143,0.54286,0.46511,0.46112,0.41429,0.42857,0.32804,0.33492,0,0,0.36084,0.36338,0.2898,0.29714,0,0,0.56798,0.56527,0.52857,0.52286,0,0,0.41429,0.40857,0.40571,0.41319,0.42308,0.40989,0.42857,0.4,0.67714,0.67143,0.5,0.51429,0,0,0,0,0,0,0,0,0,0
20.25,0.73,28.012,-43.351,0,0,0,0,0,0,0,0,0,0,0,0,0,0,0,0.31429,0,0,0,0,0,0,0,0.62143,0.61681,0.55989,0.55467,0.61429,0.61092,0.50047,0.48075,0.43302,0.43021,0.40536,0.39464,0,0,0,0,0.35878,0.35948,0,0,0.35278,0.35113,0.5881,0.58413,0.48571,0.50286,0,0,0.38095,0.38571,0.34286,0.34921,0.47778,0.46667,0.45714,0.45714,0.67669,0.67669,0.53377,0.53506,0,0,0,0,0,0,0,0,0,0
21,0.73,31.787,-47.57,0,0,0,0,0,0,0,0,0,0,0,0,0,0,0,0,0,0,0,0,0,0,0,0.62857,0.62857,0.50627,0.5,0.57143,0.57143,0.45714,0.52551,0.48126,0.47588,0.44898,0.44082,0,0,0,0,0.3555,0.35363,0,0,0.34511,0.34436,0.61691,0.61254,0.55714,0.57293,0,0,0.42041,0.41429,0.29184,0.30918,0.44431,0.43907,0.5,0.49133,0.65238,0.64286,0.55714,0.55714,0,0,0,0,0,0,0,0,0,0
21.75,0.73,38.633,-51.169,0,0,0,0,0,0,0,0,0,0,0,0,0,0,0,0.3,0,0,0,0.33701,0.32857,0,0,0.623,0.623,0.5,0.51429,0.55466,0.55017,0.45714,0.44664,0.50539,0.50047,0.41905,0.40612,0.33031,0.32381,0,0,0.36815,0.37166,0,0,0.29412,0.28571,0.60164,0.59438,0.47347,0.46327,0,0,0.36612,0.35923,0.32857,0.32857,0.47986,0.47705,0.47381,0.47381,0.5746,0.5746,0.4449,0.44592,0,0,0,0,0,0,0,0,0,0
22.5,0.73,39.044,-51.19,0,0,0,0,0,0,0,0,0,0,0,0,0,0,0,0.31429,0.31429,0,0,0.32549,0.32143,0,0,0.54505,0.54554,0.57143,0.57143,0.55238,0.54322,0.47002,0.48286,0.53349,0.53115,0.43929,0.43571,0,0,0,0,0.37939,0.37658,0,0,0,0,0.58015,0.57942,0.44286,0.42857,0,0,0.35865,0.35865,0.37143,0.38333,0.42918,0.4234,0,0,0.66627,0.6627,0,0,0,0,0,0,0,0,0,0,0,0
23.25,0.73,33.957,-46.621,0,0,0,0,0,0,0,0,0,0,0,0,0,0,0,0,0,0,0,0.35714,0.35714,0,0,0.54286,0.54127,0.58571,0.57143,0.59031,0.57857,0.52857,0.52857,0.48337,0.47799,0,0,0,0,0,0,0.35351,0.34964,0,0,0,0,0.51529,0.51028,0.42857,0.42857,0,0,0.36772,0.35714,0.3754,0.37619,0.45927,0.44169,0.42857,0.42857,0.62105,0.61905,0.49456,0.49732,0,0,0,0,0,0,0,0,0,0
24,0.73,30.955,-42.459,0,0,0,0,0,0,0,0,0,0,0,0,0,0,0,0.32584,0.32262,0,0,0,0.31429,0,0,0.49697,0.5013,0.46299,0.46205,0.57672,0.57566,0.52857,0.47143,0.4829,0.48033,0.37143,0.37143,0,0,0,0,0.36042,0.35667,0,0,0,0,0.56909,0.56909,0.44286,0.44286,0,0,0.35848,0.36453,0.32857,0.34286,0.53892,0.52857,0.45714,0.45714,0.69454,0.69328,0.52488,0.53272,0,0,0,0,0,0,0,0,0,0
24.75,0.73,30.058,-39.273,0,0,0,0,0,0,0,0,0,0,0,0,0,0,0.29497,0.3,0.3,0,0,0,0,0,0,0.60893,0.60714,0.46518,0.46256,0.56531,0.56082,0.52857,0,0.47354,0.46932,0.42857,0,0,0,0,0,0.4082,0.40234,0,0,0,0,0.56243,0.55212,0,0.47143,0,0,0.37143,0.37143,0.32468,0.33102,0.48693,0.48389,0.44286,0.47143,0.69035,0.68996,0.62054,0.61027,0,0,0,0,0,0,0,0,0,0
25.5,0.73,28.791,-37.794,0,0,0,0,0,0,0,0,0.32171,0,0,0,0,0,0,0,0,0,0,0,0,0,0,0.61179,0.60857,0.49401,0.49306,0.63019,0.62468,0.52857,0.46786,0.39578,0.39133,0.40602,0.40602,0,0,0,0,0.33571,0.33429,0,0,0,0,0.61041,0.61065,0.37778,0.3672,0,0,0.32857,0.32857,0.29951,0.32365,0.43469,0.42187,0.45429,0.44857,0.65423,0.64956,0.60542,0.61429,0,0,0,0,0,0,0,0,0,0
26.25,0.73,28.488,-37.332,0,0,0,0,0,0,0,0,0,0,0,0,0,0,0,0,0,0,0,0,0,0,0,0.52857,0.52857,0.44286,0.45357,0.53554,0.5425,0.52857,0.52857,0.40867,0.40445,0,0,0,0,0,0,0.33318,0.32959,0,0,0,0,0.65714,0.6555,0.44286,0.45714,0,0,0.31429,0,0.33297,0.33297,0.3967,0.38872,0.49006,0.48447,0.7105,0.71108,0.54221,0.54351,0,0,0,0,0,0,0,0,0,0
27,0.73,27.48,-37.677,0,0,0,0,0,0,0,0,0,0,0,0,0,0,0,0,0,0,0,0.4,0.4,0,0,0.60714,0.60714,0.52857,0.52105,0.5695,0.56139,0.52857,0.51429,0.42553,0.41827,0,0.45714,0,0,0,0,0.34089,0.3377,0,0,0,0,0.58437,0.58086,0.47143,0.44286,0,0,0.35714,0.38571,0.34286,0.31429,0.42927,0.42059,0.38571,0,0.63131,0.63009,0.58571,0.57143,0,0,0,0,0,0,0,0,0,0
27.75,0.73,26.357,-37.498,0,0,0,0,0,0,0,0,0,0,0,0,0,0,0.32985,0,0,0,0,0.3,0.3,0,0,0.60677,0.60677,0.49196,0.48889,0.52048,0.52473,0.52857,0.44143,0.38701,0.35714,0,0,0.34043,0.3368,0,0,0.32857,0.32216,0,0,0,0,0.56804,0.56683,0.47143,0.47143,0,0,0.31429,0.30588,0.328,0.31686,0.38571,0.38571,0,0,0.69478,0.69368,0.57003,0.57387,0,0,0,0,0,0,0,0,0,0
28.5,0.73,26.052,-35.783,0,0,0,0,0,0,0,0,0,0,0,0,0,0,0,0.3,0.3,0,0,0.32857,0.33469,0,0,0.66448,0.665,0,0,0.56943,0.56686,0.47096,0.5,0.40423,0.40227,0.41092,0.41176,0,0,0,0,0.47681,0.47588,0,0,0,0,0.58469,0.57934,0.48286,0.48571,0,0,0.32857,0.32857,0.29048,0.30238,0.39371,0.38457,0.44911,0.46518,0.66629,0.66349,0.54622,0.54015,0,0,0,0,0,0,0,0,0,0
0.75,1.48,32.437,-38.693,0,0,0,0,0,0,0,0.42913,0,0,0,0,0,0,0,0,0,0.28571,0.32857,0.44968,0.4534,0.32952,0.33214,0,0,0,0,0.72927,0.71568,0.63958,0.72366,0,0,0,0,0.46393,0.45948,0,0,0.59625,0.5904,0.47143,0.48571,0.31654,0.31429,0,0,0,0,0.35714,0.35714,0,0,0,0,0,0,0,0,0.31429,0.31429,0,0,0,0,0,0,0,0,0,0,0,0
1.5,1.48,28.317,-38.066,0,0,0,0,0,0,0,0.44835,0,0,0,0,0,0,0,0.33333,0.32071,0,0,0.48171,0.48312,0.34286,0.34286,0,0,0,0,0.71988,0.71633,0.72857,0.60186,0,0,0,0,0.40117,0.39461,0,0.3,0.54403,0.54122,0.38571,0.4,0.32857,0,0,0,0,0,0.40476,0.40476,0,0,0,0,0,0,0,0,0.31429,0,0,0,0,0,0,0,0,0,0,0,0,0
2.25,1.48,23.82,-38.585,0,0,0,0,0,0,0,0.39486,0,0,0,0,0,0,0,0.31429,0.3,0,0,0.45521,0.48857,0,0,0,0,0,0,0.6395,0.6395,0.72857,0.67786,0,0,0,0,0.40847,0.40315,0.31429,0,0.44614,0.44052,0.31429,0.31429,0,0,0,0,0,0,0.34286,0.34286,0,0,0,0,0,0,0,0,0,0,0,0,0,0,0,0,0,0,0,0,0,0
3,1.48,22.012,-39.897,0,0,0,0,0,0,0,0.34375,0,0,0,0,0,0,0,0,0,0,0,0.46111,0.4627,0,0,0.31429,0,0,0,0.62543,0.62474,0.72857,0.68017,0,0,0,0,0.41238,0.41143,0,0,0.40749,0.40422,0.3,0.31429,0,0,0,0,0,0,0.37143,0.35714,0,0,0,0,0,0,0,0,0,0,0,0,0,0,0,0,0,0,0,0,0,0
3.75,1.48,21.971,-40.565,0,0,0,0,0,0,0,0.35595,0,0,0,0,0,0,0,0,0,0,0,0,0.35714,0,0,0,0,0,0,0.67473,0.67214,0.61405,0.61863,0,0,0,0,0.50468,0.48935,0,0,0.5267,0.52037,0.29244,0,0,0,0,0,0,0,0.34286,0.33684,0,0,0,0,0,0,0,0,0.35442,0.35442,0,0,0,0,0,0,0,0,0,0,0,0
4.5,1.48,21.035,-40.121,0,0,0,0,0,0,0,0.38435,0,0,0,0,0,0,0,0,0,0,0,0.40159,0.40714,0,0,0,0,0,0,0.66071,0.65714,0.6,0.6,0,0,0,0,0.38739,0.3812,0,0,0.37518,0.37166,0,0,0,0,0,0,0,0,0.32857,0.32033,0,0,0,0,0,0,0,0,0.37143,0.35714,0,0,0,0,0,0,0,0,0,0,0,0
5.25,1.48,21.688,-39.838,0,0,0,0,0,0,0,0.3441,0,0,0,0,0,0,0,0,0,0,0,0.32527,0,0,0,0,0,0,0,0.64694,0.6407,0.6,0.52286,0,0,0,0,0.41148,0.40445,0,0,0.41382,0.41148,0,0,0,0,0,0,0,0,0.32343,0.32514,0,0,0,0,0,0,0,0,0.34429,0.34429,0,0,0,0,0,0,0,0,0,0,0,0
6,1.48,22.196,-41.036,0,0,0,0,0,0,0,0.29796,0,0,0,0,0,0,0,0,0,0,0,0.35612,0.35195,0,0,0.33429,0.32857,0,0,0.6895,0.69382,0.6,0.56327,0,0,0,0,0.35747,0.35714,0,0,0.3541,0.35199,0,0,0,0,0,0,0,0,0,0,0,0,0,0,0,0,0,0,0.35714,0.34345,0,0,0,0,0,0,0,0,0,0,0,0
6.75,1.48,23.269,-42.68,0,0,0,0,0,0,0,0.31429,0,0,0,0,0,0,0,0,0,0,0,0.34505,0.34505,0,0,0.31429,0.32857,0,0,0.64942,0.64603,0.6,0,0,0,0,0,0.35714,0,0,0,0.34895,0.34729,0,0,0,0,0,0,0,0,0,0,0,0,0,0,0,0,0,0,0.35869,0.35792,0,0,0,0,0,0,0,0,0,0,0,0
7.5,1.48,23.79,-42.908,0,0,0,0,0,0,0,0.34133,0,0,0,0,0,0,0,0,0,0,0,0.37143,0.36746,0,0,0.35119,0.34969,0,0,0.56633,0.55714,0.6,0.58214,0,0,0,0,0.3726,0.36867,0,0,0.34918,0.34379,0,0,0,0,0,0,0,0,0,0,0,0,0,0,0,0.31429,0,0,0.36023,0.35907,0,0,0,0,0,0,0,0,0,0,0,0
8.25,1.48,23.346,-43.462,0,0,0,0,0,0,0,0,0,0,0,0,0,0,0,0,0,0,0,0.32857,0.32857,0,0,0,0,0.29107,0.29196,0.66296,0.66374,0.6,0.49643,0.30714,0.30153,0,0,0,0.37143,0,0,0.33821,0.34286,0,0,0,0,0.31429,0,0,0,0.32692,0,0,0,0,0,0.32857,0.31429,0,0,0.48681,0.47692,0,0,0,0,0,0,0,0.35963,0,0,0,0
9,1.48,24.557,-44.437,0,0,0,0,0,0,0,0,0,0,0,0,0,0,0,0,0,0,0,0.38571,0.36404,0,0,0.4,0.4,0.3,0.28714,0.66406,0.63821,0.6,0.5,0.31905,0.32286,0,0,0,0,0,0,0.32798,0.34196,0,0,0,0,0.38429,0.36803,0,0,0,0,0,0,0,0,0.34206,0.32857,0.31558,0.32208,0.46203,0.45752,0,0,0,0,0,0,0,0,0,0,0,0
9.75,1.48,27.119,-43.618,0,0,0,0,0,0,0,0,0,0,0,0,0,0,0,0,0,0,0,0,0,0,0,0.47543,0.47857,0.33407,0.31829,0.68462,0.67974,0.6,0.55714,0.34286,0.32714,0,0,0,0,0,0,0.3493,0.33435,0,0,0,0,0.38571,0.37874,0,0.28571,0,0,0,0,0,0,0.31429,0.31429,0.3,0.31429,0.54286,0.52857,0.31429,0.31429,0,0,0,0,0,0,0,0,0,0
10.5,1.48,28.646,-42.125,0,0,0,0,0,0,0,0,0,0,0,0,0,0,0,0,0,0,0,0.34286,0.3354,0,0,0.4978,0.4978,0.42857,0.42857,0.65746,0.64903,0.6,0.45126,0.41452,0.4089,0.38571,0.38571,0,0,0,0,0.31429,0,0,0,0,0,0.46862,0.46347,0,0,0,0,0,0,0,0,0.44131,0.43707,0.34034,0.34034,0.56387,0.55714,0,0.31429,0,0,0,0,0,0,0,0,0,0
11.25,1.48,31.476,-43.841,0,0,0,0,0,0,0,0,0,0,0,0,0,0,0,0,0,0,0,0.34188,0.34314,0,0,0.53048,0.52959,0.41982,0.42442,0.60893,0.61079,0.6,0.54898,0.40492,0.40375,0,0,0,0,0,0,0,0,0,0,0,0,0.49973,0.49808,0,0.3,0,0,0.35714,0.35714,0,0.3,0.49492,0.48921,0.35714,0.35714,0.54286,0.54286,0.35714,0.3658,0,0,0,0,0,0,0,0,0,0
12,1.48,31.132,-46.667,0,0,0,0,0,0,0,0,0,0,0,0,0,0,0,0,0,0,0,0.33257,0.33187,0,0,0.66032,0.65159,0.55714,0.56387,0.63423,0.63006,0.6,0.55745,0.40023,0.3993,0.40095,0.4,0.37143,0.34286,0,0,0.33643,0.32935,0,0,0,0,0.59157,0.58852,0.47381,0.47143,0,0,0.33502,0.32967,0.28571,0.3,0.43968,0.42667,0.40408,0.41327,0.57891,0.57891,0.42857,0.44286,0,0,0,0,0,0,0,0,0,0
12.75,1.48,28.46,-47.011,0,0,0,0,0,0,0,0,0,0,0,0,0,0,0.36089,0,0,0,0,0.34286,0.34286,0,0,0.67279,0.67063,0.61429,0.60635,0.65519,0.6474,0.53677,0.53492,0.47728,0.46581,0.38571,0.36857,0.34286,0.34921,0,0,0.34186,0.32069,0,0,0,0,0.65584,0.65552,0,0.54286,0,0,0.39379,0.37143,0.33795,0.33745,0.43409,0.42532,0.3881,0.4,0.64286,0.64286,0.46381,0.46429,0,0,0,0,0,0,0,0,0,0
13.5,1.48,26.29,-47.949,0,0,0.37563,0,0,0,0,0,0,0,0,0,0,0,0,0,0,0,0,0.36857,0.37143,0,0,0.67744,0.67744,0.62711,0.62633,0.71333,0.71016,0.51429,0.58095,0.52904,0.52506,0.37143,0.42078,0.38571,0.3619,0,0,0.33536,0.33423,0,0,0,0,0.64551,0.64118,0.48571,0.48571,0,0,0.37075,0.37007,0.43439,0.42731,0.55619,0.54286,0.37227,0.34454,0.7,0.69745,0.46264,0.43766,0,0,0,0,0,0,0,0,0,0
14.25,1.48,25.018,-48.929,0,0,0,0,0,0,0,0,0,0,0,0,0,0,0,0,0,0,0,0.31429,0,0,0,0.68373,0.68006,0.59654,0.6,0.62937,0.62778,0.51429,0.6,0.48806,0.48384,0.42857,0.42857,0.35714,0,0,0,0.36417,0.35691,0,0,0,0,0.66623,0.66416,0.55714,0.55714,0,0,0.44392,0.43985,0.4,0.4,0.46944,0.46349,0.42333,0.42714,0.72857,0.72143,0.52857,0.5119,0,0,0,0,0,0,0,0,0,0
15,1.48,24.117,-48.879,0,0,0,0,0,0,0,0,0,0,0,0,0,0,0.3452,0,0,0,0,0,0,0,0,0.60816,0.6,0.63179,0.63779,0.61633,0.60408,0.51991,0.6119,0.4918,0.48923,0.40457,0.40457,0.3,0.3,0,0,0.35457,0.35504,0,0,0,0,0.65159,0.64802,0.47429,0.48027,0,0,0.37143,0.37143,0.37143,0.38571,0.52,0.50286,0.48571,0.48429,0.67415,0.67415,0.42857,0.45714,0,0,0,0,0,0,0,0,0,0
15.75,1.48,23.498,-46.854,0,0,0,0,0,0,0,0,0,0,0,0,0,0,0.29507,0,0.3,0,0,0.32304,0.3,0,0,0.68442,0.68539,0.56036,0.5619,0.60989,0.6013,0.5466,0.54286,0.46932,0.4644,0.42857,0.42857,0.31429,0.3,0,0,0.36223,0.34911,0,0,0,0,0.61593,0.61622,0.5,0.5,0,0,0.3754,0.37537,0.32773,0.32773,0.48168,0.47692,0.43214,0.45,0.61005,0.60794,0.47143,0.47143,0,0,0,0,0,0,0,0,0,0
16.5,1.48,23.735,-44.91,0,0,0,0,0,0,0,0,0,0,0,0,0,0,0.32266,0.32857,0.32857,0,0,0.33938,0.33736,0.28571,0.28571,0.63764,0.6324,0.60476,0.60168,0.59942,0.59621,0.50515,0.56243,0.51593,0.51007,0.38571,0.41429,0.32857,0.32857,0,0,0.3555,0.34567,0,0,0,0,0.62894,0.63109,0.52857,0,0,0,0.36643,0.375,0.41429,0.4,0.48061,0.47075,0.48571,0.48571,0.64121,0.63626,0.47857,0.46429,0,0,0,0,0,0,0,0,0,0
17.25,1.48,24.227,-43.727,0,0,0,0,0,0,0,0,0,0,0,0,0,0,0,0.35029,0.35086,0,0,0.34286,0.34286,0,0,0.56286,0.55914,0.65714,0.65238,0.59699,0.59248,0.5,0.64286,0.51733,0.51288,0,0,0,0,0,0,0.35822,0.36066,0,0,0,0,0.67577,0.67117,0.575,0.58571,0,0,0.41429,0.41079,0,0,0.46095,0.46095,0.44345,0.45857,0.64325,0.64683,0.42857,0,0,0,0,0,0,0,0,0,0,0
18,1.48,25.172,-43.244,0,0,0,0,0,0,0,0,0,0,0,0,0,0,0,0.32857,0.31429,0,0,0.35179,0,0,0,0.59696,0.5924,0.61429,0.61429,0.61896,0.61636,0.56815,0.63297,0.52155,0.51803,0.43407,0.43297,0,0,0,0,0.36885,0.36511,0,0,0,0,0.64762,0.64048,0.5,0.50543,0,0,0.46,0.46857,0.32857,0,0.48306,0.4804,0.48485,0.48229,0.60982,0.60982,0.46327,0.49184,0,0,0,0,0,0,0,0,0,0
18.75,1.48,25.777,-42.699,0,0,0,0,0,0,0,0,0,0,0,0,0,0,0,0.34286,0.33835,0,0,0,0,0,0,0.59023,0.59857,0.57659,0.58016,0.61714,0.6084,0.58571,0.5449,0.44895,0.44122,0.45714,0.44286,0,0,0,0,0.36979,0.36698,0,0,0,0,0.55957,0.55602,0,0,0,0,0.47,0.46964,0,0,0.52005,0.51319,0,0,0.62454,0.61941,0,0,0,0,0,0,0,0,0,0,0,0
19.5,1.48,26.078,-43.425,0,0,0,0,0,0,0,0,0,0,0,0,0,0,0,0.34286,0.34286,0,0,0.34286,0.3,0,0,0.62,0.61837,0.51314,0.516,0.65263,0.64812,0.58571,0.52662,0.48759,0.48407,0.44658,0.44907,0,0,0,0,0.36815,0.37307,0,0,0,0,0.62776,0.62367,0.52857,0.52857,0,0,0.43869,0.43274,0,0,0.41165,0.41843,0,0.39524,0.6,0.6102,0.51935,0.51935,0,0,0,0,0,0,0,0,0,0
20.25,1.48,26.969,-45.235,0,0,0,0,0,0,0,0,0,0,0,0,0,0,0,0,0.3,0,0,0.35918,0.35918,0,0,0.62782,0.63127,0,0,0.6151,0.61584,0.56089,0,0.46932,0.46323,0.41429,0.41429,0.31224,0,0,0,0.41148,0.40913,0,0,0,0,0.58095,0.56857,0.5218,0.51429,0,0,0.33304,0.33304,0.37857,0.37857,0.41989,0.41786,0.45238,0.43759,0.63163,0.62602,0.55,0.55,0,0,0,0,0,0,0,0,0,0
21,1.48,29.837,-46.648,0,0,0,0,0,0,0,0,0,0,0,0,0,0,0,0,0,0,0,0.33061,0.32463,0,0,0.64286,0.64286,0,0,0.55161,0.55161,0.5103,0.48571,0.50515,0.49859,0,0,0,0,0,0,0.34176,0.38571,0,0,0,0,0.58571,0.57941,0.52857,0.54082,0,0,0.38571,0.4,0.34286,0.34286,0.40672,0.39874,0.41429,0.41429,0.65714,0.65714,0.55714,0.54286,0,0,0,0,0,0,0,0,0,0
21.75,1.48,35.062,-47.108,0,0,0,0,0,0,0,0,0,0,0,0,0,0,0,0,0,0,0,0.32857,0.32857,0,0,0.61429,0.5931,0,0,0.58852,0.58525,0.48431,0.49286,0.48009,0.48384,0.45714,0.45714,0,0,0,0,0.38618,0.38384,0,0,0,0,0.55879,0.55495,0.45714,0.45714,0,0,0,0.34286,0.34286,0.35714,0.52704,0.52245,0,0.42857,0.61865,0.61429,0.47143,0.48571,0,0,0,0,0,0,0,0,0,0
22.5,1.48,36.198,-46.48,0,0,0,0,0,0,0,0,0,0,0,0,0,0,0,0,0,0,0,0.33492,0.35102,0,0,0.58571,0.57886,0.52411,0.54805,0.57676,0.57191,0.45714,0.52747,0.51194,0.5089,0.4,0.39231,0,0,0,0,0.38548,0.38689,0,0,0,0,0.54286,0.54286,0.36376,0.37972,0,0,0.39259,0.39752,0.30659,0.31319,0.54405,0.54256,0.42747,0.42437,0.68571,0.68571,0.44732,0.45804,0,0,0,0,0,0,0,0,0,0
23.25,1.48,32.92,-44.517,0,0,0,0,0,0,0,0,0,0,0,0,0,0,0,0,0,0,0,0,0.33459,0,0,0.59379,0.59471,0.47857,0.48884,0.60429,0.60448,0.45714,0.47857,0.50656,0.49977,0,0.42857,0,0,0,0,0.47096,0.45878,0,0,0,0,0.55714,0.55714,0.48231,0.49286,0,0,0.38506,0.38506,0.37488,0.36404,0.46538,0.46005,0.43286,0.39143,0.64236,0.63793,0.55714,0.55714,0,0,0,0,0,0,0,0,0,0
24,1.48,30.487,-42.558,0,0,0,0,0,0,0,0,0,0,0,0,0,0,0,0,0,0,0,0.32857,0.31429,0,0,0.61857,0.61857,0.4567,0.46584,0.61709,0.61756,0.41616,0.45714,0.50913,0.50609,0.38571,0,0,0,0,0,0.3534,0.35289,0,0,0,0,0.50571,0.5,0,0.42857,0,0,0.32571,0.32338,0.324,0.324,0.49344,0.49344,0.47143,0.47143,0.71429,0.7,0.56741,0.57143,0,0,0,0,0,0,0,0,0,0
24.75,1.48,29.426,-40.722,0,0,0,0,0,0,0,0,0,0,0,0,0,0,0,0,0,0,0,0.32857,0.3,0,0,0.59524,0.59286,0.42641,0.43158,0.61553,0.60652,0.42857,0.44483,0.47002,0.46721,0.42028,0.41982,0,0,0,0,0.34095,0.34077,0,0,0,0,0.54749,0.54749,0,0,0,0,0.39881,0.38922,0,0,0.4941,0.47391,0.45714,0.45333,0,0,0.61333,0.60952,0,0,0,0,0,0,0,0,0,0
25.5,1.48,28.4,-40.41,0,0,0,0,0,0,0,0,0,0,0,0,0,0,0,0,0,0,0,0,0,0,0,0.61786,0.61339,0.3975,0.40848,0.53929,0.54505,0.4829,0.48571,0.49344,0.48431,0.4,0.4,0,0,0,0,0.3623,0.35519,0,0,0,0,0.58197,0.57823,0.5,0.5,0,0,0.37232,0.39286,0.38889,0.39418,0.49079,0.47592,0.38571,0.38571,0.67143,0.67143,0.67143,0.68571,0,0,0,0,0,0,0,0,0,0
26.25,1.48,26.983,-40.811,0,0,0,0,0,0,0,0,0,0,0,0,0,0,0,0,0,0,0,0.31429,0,0,0,0.58019,0.57477,0.4632,0.48473,0.5359,0.53056,0.48571,0.49675,0.43138,0.42084,0.40621,0.39938,0,0,0,0,0.38872,0.38047,0,0,0,0,0.60595,0.60397,0,0,0,0,0.32857,0.31837,0.34286,0.34286,0.42701,0.41714,0.44286,0.45714,0.7,0.69286,0,0,0,0,0,0,0,0,0,0,0,0
27,1.48,26.15,-41.589,0,0,0,0,0,0,0,0,0,0,0,0,0,0,0,0,0,0,0,0,0,0,0,0.62033,0.61978,0.43602,0.4441,0.54773,0.55063,0.48571,0.46224,0.38571,0.39133,0,0.35714,0.31429,0.28571,0,0,0.37143,0.37046,0,0,0,0,0.56939,0.55959,0.42143,0.42,0,0,0.34286,0,0,0,0.44586,0.44286,0.45429,0.47143,0.66218,0.66218,0.6,0.61088,0,0,0,0,0,0,0,0,0,0
27.75,1.48,25.648,-42.03,0,0,0,0,0,0,0,0,0,0,0,0,0,0,0,0,0,0,0,0.31429,0.32637,0,0,0.62698,0.62331,0.47817,0.48598,0.57403,0.57229,0.48571,0.47455,0.40104,0.38935,0,0,0,0,0,0,0.36909,0.37096,0,0,0,0,0.63743,0.63343,0.41429,0.47768,0,0,0.31958,0.32593,0,0,0.42321,0.41633,0.42811,0.44378,0.68571,0.68571,0,0,0,0,0,0,0,0,0,0,0,0
28.5,1.48,26.071,-41.387,0,0,0,0,0,0,0,0,0,0,0,0,0,0,0,0.31429,0,0,0,0.32714,0.32714,0,0,0.62641,0.62511,0.45714,0.45217,0.47955,0.46667,0.48571,0,0.38831,0.3835,0.4,0.37143,0,0,0,0,0.37143,0.35714,0.30643,0.30643,0,0,0.57086,0.57229,0,0.46143,0,0,0.33622,0.33622,0.35714,0.35714,0.40442,0.39766,0.39557,0.41429,0.70752,0.70752,0.56518,0.57771,0,0,0,0,0,0,0,0,0,0
13.5,2.25,23.56,-48.49,0,0,0,0,0,0,0,0,0,0,0,0,0,0.3594,0,0,0,0,0,0,0,0,0,0.52857,0.52857,0.63074,0.6533,0.60714,0.61429,0.45238,0.45979,0.41927,0.41462,0.52857,0.51281,0,0,0,0,0,0.35714,0,0,0,0,0.61429,0.55714,0.52338,0.52468,0,0,0,0,0,0,0.42262,0.42262,0.4526,0.47143,0.52857,0.51429,0,0,0,0,0,0,0,0,0,0,0,0
14.25,2.25,21.528,-48.023,0,0,0,0,0,0,0,0,0,0,0,0,0,0.44586,0,0,0,0,0,0,0,0,0,0.51429,0.51429,0.64286,0.64887,0.58127,0.56735,0.4,0.41429,0.5,0.5,0,0.46122,0,0,0,0,0.37143,0.35714,0,0,0,0,0.62857,0.61556,0,0,0,0,0,0,0,0,0.44952,0.44794,0,0,0,0,0.51429,0.54286,0,0,0,0,0,0,0,0,0,0
15,2.25,20.252,-46.991,0,0,0,0,0,0,0,0.28571,0,0,0,0,0,0.42389,0,0,0,0,0,0,0,0,0,0.5,0.5,0.58265,0.58776,0.58571,0.58182,0,0,0.41051,0.40431,0,0.47143,0,0,0,0,0.34812,0.35366,0,0,0,0,0.62857,0.60924,0.4898,0.4898,0,0,0,0,0,0,0.51178,0.50426,0,0,0.5,0.5,0.51429,0,0,0,0,0,0,0,0,0,0,0
13.5,3,22.466,-51.13,0,0,0,0,0,0.34286,0,0,0,0,0,0,0,0.39574,0,0,0,0,0,0,0,0,0,0.50952,0.50714,0.6119,0.6119,0,0.44286,0.42857,0.45495,0.52741,0.52317,0,0,0,0,0,0,0.35714,0,0,0,0,0,0.65714,0.62259,0.5,0.50714,0,0,0,0,0.45714,0.43636,0.4861,0.47721,0.52857,0,0.54887,0.54887,0.51429,0.51758,0,0,0,0,0,0,0,0,0,0
14.25,3,20.678,-50.197,0,0,0,0,0,0.3212,0,0,0,0,0,0,0,0.28747,0,0,0,0,0,0,0,0,0,0.41429,0.41429,0.62422,0.61863,0.51429,0.51429,0.37143,0.37143,0.45714,0.45714,0.47143,0.47143,0,0,0,0,0.35714,0.37143,0,0,0,0,0.65714,0.62782,0.51429,0.51429,0,0,0,0,0.42857,0.42857,0.45816,0.45,0.5033,0.50879,0.50139,0.4885,0,0,0,0,0,0,0,0,0,0,0,0
15,3,19.174,-48.321,0,0,0,0,0,0.29652,0,0,0,0,0,0,0,0.32857,0,0,0,0,0,0,0.32143,0,0,0.51429,0.51429,0.55,0.55,0,0.52449,0.43571,0.46746,0.46548,0.45952,0.5,0.5,0,0,0,0,0.32857,0,0,0,0,0,0.65714,0.59221,0,0.52857,0,0,0,0,0.4,0.41429,0.47959,0.47143,0,0,0,0,0,0.52857,0,0,0,0,0,0,0,0,0,0
13.5,3.75,22.347,-50.384,0,0,0,0,0,0,0,0,0,0,0,0,0,0.38735,0,0,0,0,0,0,0,0,0,0.54286,0.5406,0.62468,0.61688,0.42795,0.4302,0.31429,0.35222,0.43187,0.44071,0.54286,0.51429,0,0,0,0,0,0,0,0,0,0,0.64684,0.6019,0.42857,0.44286,0,0,0.31429,0.31429,0,0,0.49333,0.49333,0,0,0.57706,0.57815,0.53619,0.54286,0,0,0,0,0,0,0,0,0,0
14.25,3.75,20.918,-48.764,0,0,0,0,0,0,0,0,0,0,0,0,0,0.42037,0,0,0,0,0,0.35985,0.35668,0.3,0.3,0.54422,0.54422,0.63571,0.64286,0.43292,0.43084,0.37415,0.4,0.41169,0.40844,0.52857,0.53265,0,0,0,0,0,0,0,0,0,0,0.64286,0.64286,0.54286,0.53571,0,0,0,0,0.45714,0.45714,0.40865,0.38535,0,0,0,0.55714,0.4993,0.50488,0,0,0,0,0,0,0,0,0,0
15,3.75,19.343,-46.671,0,0,0,0,0,0,0,0,0,0,0,0,0,0.37517,0,0,0,0,0,0.37143,0.35714,0,0,0.50737,0.50737,0,0,0.44328,0.44748,0.35714,0.37143,0.43477,0.42911,0.45714,0.47143,0,0,0,0,0,0.35714,0,0,0,0,0.64286,0.6283,0.52857,0.54286,0,0,0,0,0.47143,0.48571,0.45564,0.44962,0.48857,0.48571,0,0,0.55449,0.56312,0,0,0,0,0,0,0,0,0,0
13.5,4.5,21.151,-49.321,0,0,0,0,0,0,0,0,0,0,0,0,0,0.3548,0,0,0,0,0,0.3545,0.34286,0,0,0.56599,0.55714,0.59635,0.59103,0.40417,0.40238,0.39107,0.37723,0.48182,0.46216,0.52857,0.54286,0,0,0,0,0.3,0,0,0,0,0,0.67143,0.69348,0,0,0,0,0.3,0,0.46175,0.47097,0.47026,0.46557,0.51597,0.5563,0.55467,0.54918,0.59832,0.59664,0,0,0,0,0,0,0,0,0,0
14.25,4.5,20.82,-47.607,0,0,0,0,0,0,0,0,0,0,0,0,0,0.35386,0,0,0,0,0,0,0,0,0,0.4981,0.49571,0.56939,0.57143,0,0,0.36508,0.39627,0.42857,0.41829,0,0,0,0,0,0,0.39175,0.38667,0,0,0,0,0.637,0.625,0.52857,0,0,0,0,0,0.44286,0.47143,0,0.47143,0.48271,0.49474,0.58265,0.57806,0.57959,0.57653,0,0,0,0,0,0,0,0,0,0
15,4.5,19.713,-45.386,0,0,0,0,0,0,0,0,0,0,0,0,0,0.42272,0,0,0,0,0,0,0,0.31429,0.31429,0.46332,0.46332,0.6,0.59748,0.55714,0.55714,0.37143,0.4,0.47031,0.46786,0.45665,0.48071,0,0,0,0,0.41429,0.36327,0,0,0,0,0.62857,0.64286,0,0,0,0,0,0,0.45714,0.44286,0.45433,0.45433,0.51306,0.51306,0.52637,0.5093,0.57407,0.57407,0,0,0,0,0,0,0,0,0,0
13.5,5.25,19.415,-48.078,0,0,0,0,0,0,0,0,0,0,0,0,0,0,0,0,0,0,0,0,0,0,0.28667,0.47489,0.47489,0.62857,0.62857,0.41844,0.41117,0,0,0.42411,0.42214,0.52804,0.54286,0.35714,0.35246,0,0,0.37143,0,0,0,0,0,0.6561,0.6561,0.57143,0.58571,0,0,0,0,0,0,0.51429,0.51232,0,0,0.57143,0.52747,0.62857,0.62857,0,0,0,0,0,0,0,0,0,0
14.25,5.25,19.947,-46.527,0,0,0,0,0,0,0,0.31429,0,0,0,0,0,0,0,0,0,0,0,0.35714,0.35714,0.32857,0.31429,0.48229,0.48045,0.70541,0.6973,0.56635,0.56596,0,0,0.41429,0.41429,0.46718,0.47181,0.35714,0.34286,0,0,0.37143,0.36525,0.28571,0.3,0,0,0.65714,0.65633,0.55714,0.55714,0,0,0,0.28571,0,0,0.48184,0.47046,0,0,0.57143,0.54286,0.58571,0.6,0,0,0,0,0,0,0,0,0,0
15,5.25,19.681,-44.595,0,0,0,0,0,0,0,0,0,0,0,0,0,0,0,0,0,0,0,0.37143,0.37143,0.3,0,0.50099,0.50099,0.61429,0.61429,0.52671,0.52112,0,0,0.42782,0.4203,0.53008,0.54737,0.35176,0.35176,0,0,0.37143,0.38647,0,0,0,0,0.58323,0.58012,0,0,0,0,0,0.32857,0.49061,0.48408,0.46646,0.46646,0.5,0.5,0.57143,0.51726,0.59796,0.59796,0,0,0,0,0,0,0,0,0,0
13.5,6,18.152,-46.636,0,0,0,0,0,0,0,0,0,0,0,0,0,0,0,0,0,0,0.28571,0.37046,0.374,0,0.28571,0.55714,0.55714,0.69464,0.69464,0.53279,0.53185,0,0,0.41429,0.4,0.54286,0.56071,0.35844,0.35316,0,0,0,0,0.3,0,0,0,0.65433,0.64965,0.5,0.48571,0,0,0.31429,0.32343,0,0,0.4973,0.48938,0.50248,0.5087,0.54754,0.51064,0.57143,0.58571,0,0,0,0,0,0,0,0,0,0
14.25,6,19.251,-45.82,0,0,0,0,0,0,0,0,0,0,0,0,0,0,0,0,0,0,0,0.35714,0.36522,0,0.28571,0.54805,0.54286,0.67143,0.67143,0.5535,0.5516,0,0.45714,0.49543,0.48914,0.5,0.52857,0.33571,0.32857,0,0,0,0,0,0,0,0,0.57679,0.56246,0.58571,0.55714,0,0,0,0,0,0,0.51429,0.50457,0,0,0.51429,0.58537,0.57143,0.57143,0,0,0,0,0,0,0,0,0,0
15,6,19.698,-44.664,0,0,0,0,0,0,0,0,0,0,0,0,0,0,0,0,0,0,0,0.35714,0.35714,0.28571,0.28571,0.50553,0.49493,0.64286,0.65714,0.51032,0.51429,0.45714,0.46593,0,0,0.5,0.51429,0,0,0,0,0.41169,0.40909,0.28571,0.32857,0,0,0.6,0.6,0,0,0,0,0,0,0.41429,0.42857,0.52,0.52,0.54286,0.54286,0.55504,0.55714,0.57013,0.55714,0,0,0,0,0,0,0,0,0,0
13.5,6.75,17.104,-46.304,0,0,0,0,0,0,0,0,0,0,0,0,0,0,0,0.31429,0.3,0,0,0,0,0,0,0.59328,0.59328,0.65714,0.65714,0.56154,0.56484,0,0,0.41538,0.45714,0.41429,0.41429,0.34286,0.3381,0,0,0.47945,0.48471,0.34762,0.35714,0,0,0.60549,0.6022,0.52653,0.51429,0,0,0.28571,0.28571,0.42857,0.42857,0.48688,0.48405,0.45714,0.47714,0.55714,0.51597,0.54921,0.55238,0,0,0,0.28571,0,0,0,0,0,0
14.25,6.75,19.038,-46.358,0,0,0,0,0,0,0,0,0,0,0,0,0,0,0,0.31429,0,0,0,0.34286,0,0.34286,0.34286,0.52881,0.52881,0.71714,0.70952,0.48995,0.48783,0.4,0.38571,0.47302,0.46825,0.47143,0.47619,0.41143,0.41143,0,0,0.52857,0.52857,0.39524,0.39841,0,0,0.57672,0.57672,0.57143,0.57143,0,0,0.28571,0,0.44286,0.43506,0.47638,0.4691,0.48571,0.47143,0.55714,0,0,0.57143,0,0,0,0,0.28571,0,0,0,0,0
15,6.75,20.068,-45.834,0,0,0,0,0,0,0,0,0,0,0,0,0,0,0,0,0,0,0,0.30873,0.30595,0.37143,0.36514,0.52143,0.52063,0.72857,0.72857,0.54675,0.5526,0.41429,0.41429,0.41918,0.41429,0.48476,0.49905,0.41429,0.41429,0,0,0.42057,0.42057,0.32857,0.34286,0,0,0.59481,0.5956,0.55031,0.55714,0,0,0,0,0.43571,0.42857,0.49892,0.49353,0.52857,0.53626,0.55714,0.48571,0.54744,0.54933,0,0,0,0,0,0,0,0,0,0
13.5,7.5,16.324,-46.727,0,0,0,0,0,0,0,0,0,0,0,0,0,0,0,0.31429,0,0.3,0.3,0.59649,0.59227,0,0,0.6,0.55714,0.67395,0.68151,0.49026,0.49026,0.39382,0.38397,0.40952,0.40952,0.44286,0.44286,0.40301,0.4,0,0,0.52653,0.52653,0.37143,0.37143,0,0,0.57473,0.57143,0,0,0,0,0,0,0,0.54286,0.46099,0.45824,0.47143,0.47059,0.57635,0.57635,0,0,0,0,0,0.31429,0.3,0,0,0,0,0
14.25,7.5,17.997,-48.113,0,0,0,0,0,0,0,0,0,0,0,0,0,0,0,0,0,0.3,0.3,0.53817,0.53536,0.37143,0.37143,0.6,0.52857,0.66286,0.68571,0.51429,0.51429,0.4,0.44286,0.39919,0.38949,0,0,0.36942,0.36413,0,0,0.51132,0.51132,0,0.34286,0,0,0.58571,0.57143,0.53117,0.53506,0,0,0.29312,0.29312,0.4,0.42857,0.49103,0.48106,0,0,0.4878,0.48293,0.57143,0.58571,0,0,0,0,0,0,0,0,0,0
15,7.5,19.698,-48.277,0,0,0,0,0,0,0,0,0,0,0,0,0,0,0,0,0,0,0,0.4911,0.49016,0,0,0.6,0.5709,0.68571,0.68095,0.49244,0.49699,0.38571,0.38571,0.37857,0.38274,0,0,0.35714,0.35714,0,0,0.47857,0.47857,0.32857,0.31429,0,0,0.52857,0.52674,0,0.54286,0,0,0.29916,0.29286,0,0,0.41429,0.41163,0.41429,0.44286,0.57143,0.57143,0.56429,0.55,0,0,0,0,0,0,0,0,0,0
13.5,8.25,16.732,-47.677,0,0,0,0,0,0,0,0,0,0,0,0,0,0,0,0.33956,0.32721,0.3,0.32857,0.56745,0.56089,0.44286,0.44286,0.54543,0.51429,0.72997,0.71882,0.52343,0.51429,0.39412,0.40252,0.43333,0.43238,0.49683,0.47302,0.423,0.41986,0,0,0.5,0.4966,0,0.34286,0,0,0.63714,0.628,0.54286,0.54286,0,0.34286,0,0,0,0,0.44532,0.44335,0.48571,0.53393,0.4899,0.4899,0,0,0,0,0,0.32394,0.32527,0,0,0,0,0
14.25,8.25,17.353,-49.431,0,0,0,0,0,0,0,0,0,0,0,0,0,0,0,0.31429,0.31429,0.31429,0.3042,0.6,0.6,0.42857,0.42857,0.51429,0.52857,0.56032,0.55714,0.45539,0.45539,0.38571,0.4,0.37635,0.36602,0.42857,0.424,0.40279,0.3997,0,0,0.53766,0.52671,0,0,0,0,0.59504,0.59148,0.47143,0,0,0,0,0,0.47669,0.47669,0.42178,0.41714,0.45714,0,0.43187,0.43187,0.58947,0.57895,0,0,0,0.31429,0.35714,0,0,0,0,0.33557
15,8.25,18.776,-50.205,0,0,0,0,0,0,0,0,0,0,0,0,0,0,0,0,0,0,0,0.57049,0.56956,0.33588,0.33953,0.55738,0.54894,0.7559,0.77578,0.45201,0.45201,0.4,0.37143,0.4418,0.43862,0.40159,0.40476,0.38571,0.37143,0,0,0.47918,0.48254,0.35714,0.35714,0,0,0.59574,0.58571,0,0.57143,0.32857,0,0.31429,0.31571,0.5,0.48571,0.45391,0.44367,0.42857,0.42857,0.5608,0.5608,0.47143,0.48571,0,0,0,0,0,0,0,0,0,0
13.5,9,17.659,-49.027,0,0,0,0,0,0,0,0,0,0,0,0,0,0,0,0.36932,0.36792,0.40476,0.41429,0.53607,0.52787,0.3793,0.37493,0.65714,0.6481,0.72286,0.72286,0.53407,0.53407,0.4,0.4,0.38571,0.38571,0.47143,0.46452,0.42104,0.41403,0.2898,0.29721,0.47594,0.47204,0,0,0,0,0.66181,0.64752,0,0,0.34286,0,0.3,0.3,0.42857,0.42857,0.43782,0.43669,0,0,0.51429,0.51429,0.54735,0.54286,0,0,0.32857,0.39821,0.375,0,0,0,0,0
14.25,9,18.094,-50.253,0,0,0,0,0,0,0,0,0,0,0,0,0,0,0,0.34286,0.34286,0.38571,0.38571,0.50585,0.50562,0.4,0.4,0.65714,0.57143,0.77619,0.78571,0.44571,0.44354,0,0,0.40095,0.39633,0.4,0.4,0.4437,0.4437,0,0.3,0.47205,0.46476,0.37143,0.37143,0,0,0.61429,0.61088,0,0,0.34286,0.33571,0,0,0.48254,0.48254,0.37879,0.37211,0.45714,0.45714,0.52074,0.51429,0.53651,0.53333,0,0,0,0.2898,0.31429,0,0,0,0,0
15,9,19.121,-50.872,0,0,0,0,0,0,0,0,0,0,0,0,0,0,0,0.3,0,0,0,0.53536,0.5267,0.37731,0.36975,0.65714,0.52857,0.72857,0.74762,0.45714,0.42751,0.38571,0.396,0.41355,0.40586,0.45113,0.44361,0.42041,0.40922,0,0,0.44286,0.44286,0.34286,0.35714,0,0,0.612,0.608,0.55714,0,0,0,0,0,0,0,0.37755,0.38114,0.44286,0.43773,0.5782,0.57143,0.6,0.6,0,0,0,0,0,0,0,0,0,0
13.5,9.75,19.913,-49.699,0,0,0,0,0,0,0,0.31935,0,0,0,0,0,0,0,0.36273,0.35086,0.34286,0.38571,0.47471,0.47447,0.38658,0.37879,0.65714,0.59248,0.68571,0.67143,0.51429,0.51429,0,0,0.44252,0.43555,0.51429,0.51429,0.38061,0.37683,0,0.30623,0.52115,0.52115,0.41429,0.4,0,0,0.68734,0.67922,0.54286,0,0.37143,0.34725,0.31429,0.31429,0.45714,0.45714,0.43864,0.43247,0,0,0.45714,0.45714,0.51429,0.56807,0,0,0,0.34286,0.33548,0,0,0,0,0
14.25,9.75,20.617,-50.548,0,0,0,0,0,0,0,0,0,0,0,0,0,0,0,0.3497,0.34472,0,0.38571,0.45012,0.44848,0.35652,0.34534,0.64122,0.59817,0.72857,0.72857,0.50041,0.50041,0,0,0.45277,0.45434,0.47143,0.47143,0.37995,0.38388,0,0,0.54006,0.54006,0,0,0,0,0.62381,0.62161,0.55714,0.57143,0,0,0,0,0.45714,0.45714,0.47026,0.45597,0,0,0.62222,0.60794,0.58961,0.59091,0,0,0,0.33547,0.33103,0,0,0,0,0
15,9.75,21.517,-51.078,0,0,0,0,0,0,0,0,0,0,0,0,0,0,0,0.34742,0.34881,0.33168,0.34596,0.45129,0.44778,0.33741,0.33571,0.62857,0.65165,0.72857,0.7,0.44921,0.44921,0.38571,0.38571,0.44588,0.43841,0.42298,0,0.38151,0.36863,0.28571,0,0.53077,0.53077,0.36813,0.35714,0,0,0.64186,0.64186,0.5,0.5,0,0,0,0,0,0.47143,0.38788,0.39468,0.48027,0.47347,0.60737,0.60737,0.63197,0.63197,0,0,0,0.31429,0.31429,0,0,0,0,0
13.5,10.5,22.593,-50.277,0,0,0,0,0,0,0,0,0,0,0,0,0,0,0,0.35714,0.35714,0,0,0.39898,0.38673,0.3795,0.39565,0.62857,0.64286,0.77286,0.76143,0.46356,0.45,0.4619,0.44762,0.47243,0.46466,0,0,0.39048,0.39048,0,0,0.50201,0.49474,0.34286,0.35714,0,0,0.63769,0.63769,0.58571,0.57143,0,0,0,0,0.47143,0.47143,0.44772,0.4383,0.48571,0.48571,0.54286,0.54286,0.53629,0.54486,0,0,0,0,0,0,0,0,0,0
14.25,10.5,23.95,-51.228,0,0,0,0,0,0,0,0,0,0,0,0.38254,0,0,0,0.34286,0.34286,0.38571,0.38571,0.36406,0.37143,0.35714,0.35714,0.62857,0.60033,0.6794,0.67973,0.50756,0.52857,0.43956,0.47143,0.44651,0.44651,0,0,0.37302,0.37302,0,0,0.46508,0.46508,0,0.35714,0,0,0.60446,0.59241,0,0,0,0,0.31863,0.31429,0.47373,0.46813,0.41964,0.41429,0,0,0.57143,0.56623,0.52827,0.53125,0,0,0,0,0,0,0,0,0,0
15,10.5,24.817,-51.864,0,0,0,0,0,0,0,0.28571,0,0,0,0,0,0,0,0.33645,0.33645,0.38571,0.36995,0.39524,0.38333,0,0,0.62857,0.68571,0.75714,0.75714,0.48571,0.47143,0,0.32857,0.44835,0.44835,0,0,0.37347,0.35714,0.3,0.3,0.48901,0.48901,0,0,0,0,0.56429,0.55714,0.57143,0.57143,0.31429,0.32857,0.3,0,0.47143,0.48571,0.50455,0.49026,0,0,0.58571,0.57143,0.54066,0.54066,0,0,0,0.29524,0.30476,0,0,0,0,0
16.5,3.75,18.17,-62.653,0,0,0,0,0,0,0,0,0,0,0,0,0,0,0,0,0,0,0,0.35714,0.34286,0,0.28571,0.52534,0.51941,0.58571,0.58571,0.56327,0.55782,0.42857,0.38571,0.47143,0.46923,0.45714,0.45714,0,0,0,0,0.38681,0.38052,0,0,0,0,0.60827,0.59796,0.54286,0.57143,0,0,0,0,0,0,0.47019,0.46484,0.48743,0.48743,0.54286,0.5,0.57429,0.57429,0,0,0,0,0,0,0,0,0,0
17.25,3.75,18.381,-62.766,0,0,0,0,0,0,0,0,0,0,0,0,0,0,0,0,0,0,0,0.37143,0,0,0,0.52225,0.5137,0,0,0.55102,0.5483,0.38872,0.39487,0.52381,0.50994,0.47143,0.48571,0.34286,0.34286,0,0,0.35714,0.34845,0,0,0,0,0.70665,0.7,0,0,0,0,0,0,0.44361,0.44887,0.47434,0.47568,0,0,0.54286,0,0,0,0,0,0,0,0,0,0,0,0,0
18,3.75,18.959,-62.907,0,0,0,0,0,0,0,0,0,0,0,0,0,0,0,0,0,0,0,0,0.32857,0,0,0.52857,0.52857,0.50635,0.51429,0.54286,0.54123,0.44286,0.44286,0.48758,0.48634,0.51429,0.50667,0,0,0,0,0.40476,0.3956,0.30531,0.3,0,0,0.70445,0.64286,0.51931,0.52934,0,0,0,0,0.47143,0.45317,0.51006,0.5,0.51429,0.48889,0.46939,0.46735,0.50549,0.5,0,0,0,0,0,0,0,0,0,0
18.75,3.75,19.191,-63.327,0,0,0,0,0,0,0,0,0,0,0,0,0,0,0,0,0,0,0,0.32857,0,0.3,0.3,0.48571,0.48571,0.53626,0.53889,0.46429,0.45714,0.41429,0.41429,0.48052,0.47683,0,0,0.34286,0,0,0,0.35714,0.36387,0.34286,0.32857,0,0,0.68571,0.58919,0.55714,0.56508,0,0,0,0,0.49134,0.48268,0.49451,0.48571,0.52857,0.52751,0.53243,0.53436,0.50879,0.50879,0,0,0,0,0,0,0,0,0,0
19.5,3.75,19.421,-64.119,0,0,0,0,0,0,0,0,0,0,0,0,0,0,0,0,0,0,0,0.35714,0.35714,0.28571,0.28571,0.55714,0.54921,0.57807,0.56645,0.48862,0.4836,0.41429,0.41429,0.48401,0.47619,0.55714,0.54286,0,0,0,0,0.40606,0.39784,0,0,0,0,0.6726,0.60714,0.45714,0,0,0,0.31429,0.31429,0.45893,0.45,0.46731,0.45714,0,0,0.47886,0.47886,0.50873,0.50873,0,0,0,0,0,0,0,0,0,0
20.25,3.75,19.459,-64.726,0,0,0,0,0,0,0,0,0,0,0,0,0,0,0,0,0,0,0,0,0,0,0,0.54286,0.52857,0.51429,0.5,0.5,0.48571,0.3978,0.38901,0.47243,0.47143,0,0,0.34835,0.34313,0,0,0.41071,0.41071,0,0,0,0,0.62857,0.56381,0,0,0,0,0,0,0.47143,0.48571,0.46468,0.46468,0.54286,0.54286,0.48536,0.48536,0.59351,0.59307,0,0,0,0,0,0,0,0,0,0
21,3.75,18.884,-65.038,0,0,0,0,0,0,0,0,0,0,0,0,0,0,0,0,0,0,0,0.37143,0.37143,0.28571,0.28571,0.49547,0.49547,0.53636,0.52857,0.5,0.5,0.41429,0.41143,0.47902,0.47143,0.5,0.5,0.34316,0.33444,0,0,0.40899,0.40899,0.31829,0.31429,0,0,0.62857,0.5812,0,0,0,0,0.3,0,0.47143,0.48204,0.45238,0.45198,0.48571,0.48571,0.5,0.5,0.6695,0.6749,0,0,0,0,0,0,0,0,0,0
21.75,3.75,17.049,-64.638,0,0,0,0,0,0,0,0,0,0,0,0,0,0,0,0,0,0,0,0.34286,0.34286,0.3,0.3,0.51429,0.51429,0.57543,0.55714,0.47273,0.46753,0.4051,0.40174,0.49875,0.49499,0.5,0,0.38455,0.38367,0,0,0.40467,0.40055,0,0.28571,0,0,0.62857,0.52727,0.45714,0.45714,0,0,0.28571,0.3,0.43439,0.44286,0.44432,0.44286,0.55668,0.57143,0.5551,0.55198,0.65873,0.65344,0,0,0,0,0,0,0,0,0,0
22.5,3.75,14.678,-63.729,0,0,0,0,0,0,0,0,0,0,0,0,0,0,0,0,0,0,0,0.36246,0.35316,0,0,0.50043,0.49796,0.51429,0.55714,0.49336,0.48937,0,0.37143,0.46406,0.46406,0,0,0.34286,0.33651,0,0,0.42236,0.4177,0,0,0,0,0.62576,0.58073,0.48776,0.49388,0,0,0,0,0.47143,0,0.45397,0.44762,0.56825,0,0.60385,0.60659,0.69451,0.72088,0,0,0,0,0,0,0,0,0,0
23.25,3.75,17.631,-65.525,0,0,0,0,0,0,0,0,0,0,0,0,0,0,0,0,0,0,0,0.36486,0.36786,0,0,0.50849,0.50656,0,0,0.49524,0.48333,0.35714,0.35714,0.48104,0.47775,0,0,0,0.31429,0,0,0.37143,0.37143,0.3,0.3,0,0,0.60023,0.5587,0.48195,0.47368,0,0,0,0,0.47143,0.48571,0.45157,0.44808,0.56842,0.5609,0.61633,0.60612,0.64286,0.67143,0,0,0,0,0,0,0,0,0,0
24,3.75,19.811,-67.158,0,0,0,0,0,0,0,0,0,0,0,0,0,0,0,0,0,0,0,0.38571,0.38571,0.28571,0,0.50827,0.50526,0.48571,0.48571,0.47311,0.46639,0,0,0.47544,0.47469,0.5,0.51429,0.34286,0.34286,0,0,0.42721,0.42177,0.28571,0.28571,0,0,0.58571,0.54538,0.39184,0.39592,0,0,0,0,0.54483,0.53202,0.44675,0.44329,0.53407,0.53878,0.60385,0.60385,0.62857,0.62857,0,0,0,0,0,0,0,0,0,0
24.75,3.75,19.934,-68.258,0,0,0,0,0,0,0,0,0,0,0,0,0,0,0,0,0,0,0,0.34286,0,0.28571,0,0.54752,0.54752,0.48571,0.48571,0.43571,0.42857,0.31429,0.3,0.46805,0.46597,0.52286,0.51429,0,0,0,0,0.40827,0.40935,0,0,0,0,0.57354,0.58764,0.41429,0.42857,0,0,0.28571,0.28571,0.52245,0.52653,0.41429,0.41042,0.55714,0.54286,0.59602,0.59602,0.6,0.6,0,0,0,0,0,0,0,0,0,0
25.5,3.75,19.963,-68.983,0,0,0,0,0,0,0,0,0,0,0,0,0,0,0,0,0,0,0,0.38571,0.37905,0,0,0.54636,0.54508,0.44286,0.47143,0.39544,0.39544,0,0,0.44743,0.44286,0,0,0.34286,0.34286,0,0,0.43985,0.43985,0,0.28571,0,0,0.57658,0.56667,0.4,0.39486,0,0,0,0,0,0,0.41868,0.41593,0.61429,0.6,0.62143,0.62143,0.58,0.58536,0,0,0,0,0,0,0,0,0,0
26.25,3.75,20.503,-69.848,0,0,0,0,0,0,0,0,0,0,0,0,0,0,0,0,0,0,0,0.40397,0.39365,0,0,0.57143,0.57143,0,0,0.42857,0.42857,0,0,0.42449,0.41905,0,0,0.34286,0,0,0,0.44872,0.4426,0,0,0,0,0.57143,0.54286,0,0,0,0,0,0,0,0,0.41195,0.40729,0,0,0.58571,0.5781,0.55502,0.54983,0,0,0,0,0,0,0,0,0,0
27,3.75,22.328,-69.219,0,0,0,0,0,0,0,0,0,0,0,0,0,0,0,0,0,0,0,0.37143,0.37143,0,0,0.55516,0.55516,0.52857,0.52857,0.41429,0.4,0,0,0.3619,0.35646,0.47143,0.47143,0,0,0,0,0.40226,0.38797,0,0,0,0,0.57143,0.49598,0,0.41429,0,0,0,0,0.47436,0.47436,0.48438,0.47143,0.55714,0.57143,0.49918,0.49918,0.61314,0.61943,0,0,0,0,0,0,0,0,0,0
27.75,3.75,23.505,-72.042,0,0,0,0,0,0,0,0,0,0,0,0,0,0,0,0,0,0,0,0.37891,0.37143,0,0,0.55714,0.55714,0.5,0.50714,0.40884,0.39456,0,0.31429,0.39544,0.39544,0,0,0.32857,0,0,0,0.40092,0.38776,0,0,0,0,0.57143,0.49048,0.48836,0.47143,0,0,0,0,0.48571,0.48571,0.44921,0.44074,0,0,0.54258,0.53407,0,0,0,0,0,0,0,0,0,0,0,0
28.5,3.75,24.134,-73.883,0,0,0,0,0,0,0,0,0,0,0,0,0,0,0,0,0,0,0,0.34286,0,0.28571,0.28571,0.51622,0.51622,0.5,0.5,0.392,0.392,0.3,0.3,0.34751,0.34751,0.51758,0.5,0.32857,0,0,0,0.43977,0.43398,0,0,0,0,0.57143,0.51943,0.44419,0.44419,0,0,0,0,0.42185,0.42185,0.44286,0.42857,0,0,0.50089,0.49704,0.60929,0.60714,0,0,0,0,0,0,0,0,0,0
16.5,4.5,17.038,-43.85,0,0,0,0,0,0,0,0,0,0,0,0,0,0,0,0,0,0,0,0.37519,0.38367,0.31429,0,0.55714,0.55714,0.64286,0.61429,0.48509,0.48509,0.41714,0.41429,0.48901,0.475,0.44286,0.44907,0,0,0,0,0,0.38571,0.29048,0.28571,0,0,0.67143,0.64977,0.54286,0.54286,0,0,0,0.28571,0.46629,0.452,0.45714,0.45714,0.54286,0.52857,0.57752,0.50794,0.54926,0.54926,0,0,0,0,0,0,0,0,0,0
17.25,4.5,16.852,-44.498,0,0,0,0,0,0,0,0,0,0,0,0,0,0,0,0,0,0.28571,0,0,0.35714,0.29312,0.32857,0.53036,0.5381,0.65873,0.65714,0.50117,0.49555,0.42321,0.42321,0.5,0.5,0.52857,0.52857,0,0,0,0,0,0,0.32217,0.32167,0,0,0.69689,0.69379,0,0,0,0,0,0,0.4887,0.4887,0.45179,0.44392,0.55714,0.55714,0.55714,0.45714,0.5028,0.50776,0,0,0,0,0,0,0,0,0,0
18,4.5,17.126,-44.948,0,0,0,0,0,0,0,0,0,0,0,0,0,0,0,0,0,0,0,0.36641,0.34643,0.31143,0.32952,0.5,0.5,0.5381,0.5619,0.48452,0.48155,0.39469,0.40449,0,0,0.51429,0.52857,0,0,0,0.28571,0.4,0,0.31429,0.31429,0,0,0.64021,0.63651,0,0,0,0,0.33571,0.32857,0.43571,0.42143,0.48631,0.48631,0.5441,0.55714,0.55714,0.4888,0,0,0,0,0,0,0,0,0,0,0,0
18.75,4.5,17.287,-45.144,0,0,0,0,0,0,0,0,0,0,0,0,0,0,0,0,0,0,0,0.36712,0,0.31538,0.32747,0.50365,0.50233,0.56134,0.56218,0.49351,0.49039,0.38032,0.38032,0,0,0.49565,0.50497,0,0,0,0,0,0,0.32298,0.34348,0,0,0.57143,0.57662,0,0,0,0,0.3,0.3,0.44286,0.44286,0.51117,0.50805,0.54887,0.54586,0.55714,0.525,0.57519,0.59624,0,0,0,0,0,0,0,0,0,0
19.5,4.5,17.262,-45.423,0,0,0,0,0,0,0,0,0,0,0,0,0,0,0,0,0,0,0,0.37143,0,0.33586,0.33965,0.50513,0.5,0.55661,0.55661,0.44472,0.43665,0.37143,0.38571,0.5,0.48571,0.52857,0.57143,0,0,0,0,0.44286,0.42857,0.31429,0.28571,0,0,0.55979,0.55238,0.52857,0.52857,0,0,0,0,0.48571,0.48571,0.52733,0.51988,0.54551,0.54485,0.54731,0.49369,0.57143,0.55824,0,0,0,0,0.3,0,0,0,0,0
20.25,4.5,17.081,-45.82,0,0,0,0,0,0,0,0,0,0,0,0,0,0,0,0,0,0,0,0.38834,0.37872,0.32381,0.30667,0.5,0.5,0.52857,0.52857,0.47826,0.47367,0.35714,0.35714,0,0,0.56623,0.55065,0,0,0,0,0,0,0,0,0,0,0.53308,0.52632,0,0,0,0,0,0,0.50336,0.51429,0.52633,0.52633,0.57698,0.54603,0.54215,0.55824,0.52143,0.53571,0,0,0,0,0,0,0,0,0,0
21,4.5,16.428,-46.11,0,0,0,0,0,0,0,0,0,0,0,0,0,0,0,0,0,0,0,0.37143,0.35781,0.31429,0.31429,0.51429,0.51209,0.52857,0.53175,0.51051,0.51051,0.41111,0.41429,0.47143,0.47143,0.54286,0,0,0,0,0,0.44286,0.44286,0.31429,0,0,0,0.52222,0.52169,0.5,0.5,0,0,0.32046,0.32143,0.45714,0.48225,0.5221,0.51186,0.6,0.6,0.54286,0.50334,0.62857,0.64286,0,0,0,0,0,0,0,0,0,0
21.75,4.5,15.515,-46.039,0,0,0,0,0,0,0,0,0,0,0,0,0,0,0,0,0,0,0,0.38571,0,0.28571,0.3,0.5014,0.4958,0.54286,0.55714,0.52707,0.52707,0.39577,0.40053,0,0,0.46154,0.47143,0,0,0,0,0.38571,0.38571,0,0,0,0,0.62679,0.62054,0.45714,0.42857,0,0,0.31429,0.31429,0.45185,0.45926,0.44286,0.43534,0.57143,0.56825,0.54286,0.51765,0.6381,0.6381,0,0,0,0,0,0,0,0,0,0
22.5,4.5,15.252,-46.137,0,0,0,0,0,0,0,0,0,0,0,0,0,0,0,0,0,0,0,0,0,0.30476,0.29184,0.51138,0.50702,0.61429,0.61,0.48571,0.48143,0.344,0.34171,0.47143,0.46714,0.5,0.48571,0,0,0,0,0.38571,0.38571,0.31429,0.31429,0,0,0.57727,0.57338,0.5,0.5,0,0,0.32857,0.32857,0.44952,0.44286,0.45714,0.45714,0.57143,0.5746,0.58501,0.63896,0,0,0,0,0,0,0,0,0,0,0,0
23.25,4.5,15.84,-46.614,0,0,0,0,0,0,0,0,0,0,0,0,0,0,0,0,0,0,0,0.35714,0,0.30629,0.34286,0.54041,0.54041,0,0,0.46744,0.45781,0.3619,0.35357,0.45714,0.4521,0.51395,0.51778,0.31429,0,0,0,0.41429,0.41429,0.28571,0.3,0,0,0.55217,0.54658,0.44286,0.47143,0,0,0,0,0.47802,0.4812,0.43223,0.42625,0.56429,0.55714,0.59274,0.57768,0,0,0,0,0,0,0,0,0,0,0,0
24,4.5,16.139,-47.665,0,0,0,0,0,0,0,0,0,0,0,0,0,0,0,0,0,0,0,0,0,0,0,0.48688,0.48571,0.57143,0,0.48075,0.47826,0.32857,0.32857,0.43048,0.43048,0.49683,0.49683,0.31429,0,0,0,0.37143,0.37143,0.31429,0.32857,0,0,0.45342,0.45342,0,0,0,0,0,0,0.47143,0.47143,0.4628,0.46173,0.54794,0.56825,0.58571,0.6219,0.58743,0.61657,0,0,0,0,0,0,0,0,0,0
24.75,4.5,16.2,-48.669,0,0,0,0,0,0,0,0,0,0,0,0,0,0,0,0,0,0,0,0.35548,0.34286,0,0.28571,0.58503,0.58299,0.52857,0.51769,0.4381,0.43677,0.32591,0.32591,0.51429,0.51429,0.55714,0,0.32857,0,0,0,0,0,0.32857,0.3,0,0,0.58701,0.57558,0,0,0,0,0,0,0.52174,0.52174,0.48228,0.48228,0.53782,0.53361,0.58571,0.5627,0.64286,0.65714,0,0,0,0,0,0,0,0,0,0
25.5,4.5,16.725,-49.524,0,0,0,0,0,0,0,0,0,0,0,0,0,0,0,0,0,0,0,0.36714,0,0,0,0.56083,0.56054,0.4898,0.50544,0.45,0.44286,0.30053,0.31429,0.5,0.51429,0.48571,0.52857,0,0.31429,0,0,0.38286,0.38286,0,0,0,0,0.50397,0.50238,0,0,0,0,0,0,0.49796,0.49878,0.49571,0.49071,0,0,0.59251,0.52857,0.61429,0.61429,0,0,0,0,0,0,0,0,0,0
26.25,4.5,17.638,-50.478,0,0,0,0,0,0,0,0,0,0,0,0,0,0,0,0,0,0,0,0.36643,0.35714,0,0,0.54556,0.54556,0.51429,0.5,0.41429,0.41746,0,0,0.48571,0.47873,0,0,0,0,0,0,0.37143,0,0.31429,0.28571,0,0,0.58952,0.58952,0.41429,0.41429,0,0,0.30952,0.31429,0.49127,0.48889,0.47016,0.46762,0.6,0.6,0.60937,0.58571,0.62143,0.63571,0,0,0,0,0,0,0,0,0,0
27,4.5,19.005,-51.64,0,0,0,0,0,0,0,0,0,0,0,0,0,0,0,0,0,0,0,0.37909,0.37668,0.29405,0.30595,0.55804,0.55804,0.51382,0.51382,0.43016,0.4291,0.35714,0.34286,0.4,0.4,0.50095,0.52762,0,0.31429,0,0,0,0,0.28908,0.28571,0,0,0.56531,0.56531,0,0,0,0,0.31429,0.31429,0.50433,0.50606,0.42962,0.42334,0.59429,0.60095,0.5904,0.55714,0.51429,0.52857,0,0,0,0,0,0,0,0,0,0
27.75,4.5,17.558,-51.642,0,0,0,0,0,0,0,0,0,0,0,0,0,0,0,0,0,0,0,0,0,0,0,0.55286,0.51429,0.5044,0.5044,0.45397,0.45397,0.35714,0.34286,0.41429,0.41429,0,0,0,0,0,0,0.42857,0.42857,0,0,0,0,0.55306,0.54694,0,0,0,0,0,0,0.47143,0.45714,0.4381,0.42857,0,0,0.57143,0.58571,0.61429,0.61429,0,0,0,0,0,0,0,0,0,0
28.5,4.5,18.226,-53.332,0,0,0,0,0,0,0,0,0,0,0,0,0,0,0,0,0,0,0,0,0,0,0,0.50952,0.50159,0.47143,0.47143,0.37857,0.37857,0.32857,0.32857,0,0,0.52381,0.51857,0,0,0,0,0.38571,0.37143,0,0,0,0,0.52857,0.52857,0,0,0,0,0,0,0.44762,0.44762,0.41429,0.4,0,0,0.57143,0.58,0.62857,0.62857,0,0,0,0,0,0,0,0,0,0
16.5,5.25,22.05,-44.794,0,0,0,0,0,0,0,0,0,0,0,0,0,0,0,0,0,0,0,0.39602,0.39625,0.37143,0.35714,0.58542,0.58512,0.64286,0.64286,0.5551,0.54082,0.37965,0.38615,0.46101,0.46071,0.49206,0.49365,0,0,0,0,0.41176,0.40204,0,0,0,0,0.64286,0.63946,0,0,0,0,0.3,0.3,0.41622,0.42239,0.49745,0.48571,0.51429,0.51633,0.5,0.49742,0.58571,0.6,0,0,0,0,0,0,0,0,0,0
17.25,5.25,21.621,-45.081,0,0,0,0,0,0,0,0,0,0,0,0,0,0,0,0,0,0,0,0.35866,0.35051,0,0.35714,0.54286,0.54286,0.69264,0.68831,0.5,0.5,0.4037,0.42011,0.4386,0.43609,0.48571,0.51429,0,0.34286,0,0,0.43108,0.42105,0.34286,0.32857,0,0,0.66534,0.6782,0.57143,0.57143,0,0,0,0,0,0,0.49173,0.48622,0.51429,0.52857,0.52637,0.52605,0.6,0.60994,0,0,0,0,0,0,0,0,0,0
18,5.25,21.667,-45.525,0,0,0,0,0,0,0,0,0,0,0,0,0,0,0,0,0,0,0,0.37335,0.36735,0.30811,0.31172,0.50302,0.48296,0,0,0.51143,0.5,0.36044,0.37802,0.45714,0.45102,0.47143,0.50058,0,0,0,0,0.43143,0.43143,0,0,0,0,0.66979,0.64127,0.54074,0.54656,0.32381,0.31429,0.28571,0,0.44286,0.44286,0.49811,0.49218,0.51209,0.52637,0.55714,0.55659,0.51726,0.51726,0,0,0,0,0,0,0,0,0,0
18.75,5.25,21.893,-45.859,0,0,0,0,0,0,0,0,0,0,0,0,0,0,0,0,0,0,0,0.38571,0.38571,0.32857,0.30604,0.57918,0.57143,0.57143,0.56154,0.5,0.49286,0.3795,0.3646,0.4079,0.40638,0.48476,0.48381,0.33548,0.33779,0,0,0.4,0.39129,0.3,0.30824,0,0,0.65714,0.57966,0.52857,0.52857,0,0,0,0,0.44286,0.44286,0.51429,0.51429,0.48571,0.48571,0.54286,0.52857,0.51429,0.51463,0,0,0,0,0,0,0,0,0,0
19.5,5.25,21.638,-46.363,0,0,0,0,0,0,0,0,0,0,0,0,0,0,0,0,0,0,0,0,0,0.31429,0.32308,0.53187,0.5,0.55714,0.55714,0.47802,0.46923,0,0,0.46631,0.46496,0,0,0.39137,0.38706,0,0,0.42857,0.42857,0,0,0,0,0.65714,0.5254,0.48571,0.48571,0,0,0,0.28571,0.44286,0.44286,0.51429,0.50879,0.48571,0.48571,0.42857,0.42857,0.60317,0.58571,0,0,0,0,0.31429,0,0,0,0,0
20.25,5.25,21.093,-46.512,0,0,0,0,0,0,0,0,0,0,0,0,0,0,0,0,0,0,0,0,0,0.32857,0.32857,0.50526,0.49749,0.60084,0.62857,0.41581,0.40942,0.37143,0.37143,0.50055,0.5079,0,0,0.33929,0.34127,0,0,0.41905,0.41905,0.32143,0.31342,0,0,0.56253,0.5272,0.4,0.4,0,0,0,0,0.46841,0.46769,0.47143,0.45879,0,0,0.54286,0.52857,0.60952,0.6131,0,0,0,0,0,0,0,0,0,0
21,5.25,19.914,-45.938,0,0,0,0,0,0,0,0,0,0,0,0,0,0,0,0,0,0,0,0,0,0.3,0.31429,0.52857,0.52857,0.61429,0.62857,0.48333,0.46905,0.37143,0.35714,0.50216,0.50863,0.58571,0.5788,0,0,0,0,0.42589,0.42589,0.34286,0.34286,0,0,0.52857,0.57143,0,0,0,0,0.3,0.28571,0,0.5,0.55714,0.55714,0.49317,0.49006,0.55918,0.55,0.62041,0.61429,0,0,0,0,0,0,0,0,0,0
21.75,5.25,19.083,-45.145,0,0,0,0,0,0,0,0,0,0,0,0,0,0,0,0,0,0,0,0,0,0.3,0,0.52857,0.52857,0.49624,0.49624,0.41769,0.41429,0,0,0.50989,0.5,0.52857,0.5,0.36054,0.35714,0,0,0.44286,0.44148,0.2974,0.32727,0,0,0.57213,0.64286,0.49286,0.48571,0,0,0,0,0.47273,0.5,0.48571,0.48571,0.64286,0.64286,0.54286,0.52857,0.61039,0.62321,0,0,0,0,0,0,0,0,0,0
22.5,5.25,18.925,-44.877,0,0,0,0,0,0,0,0,0,0,0,0,0,0,0,0,0,0,0,0,0,0.32857,0.31868,0.48571,0.48571,0.48065,0.4921,0.48571,0.48571,0,0,0.47143,0.48571,0,0,0,0,0,0,0.46792,0.46792,0,0,0,0,0.62342,0.63054,0.46593,0.44921,0,0,0,0,0,0,0.50246,0.49015,0.64286,0.64286,0.58462,0.59248,0.64907,0.65217,0,0,0,0,0,0,0,0,0,0
23.25,5.25,19.382,-45.79,0,0,0,0,0,0,0,0,0,0,0,0,0,0,0,0,0,0,0,0.32857,0.32857,0.32857,0,0.57879,0.57879,0.55714,0.58571,0.48571,0.47143,0.34066,0.34615,0.47143,0.4648,0.52857,0.52857,0.33571,0.33571,0,0,0.42444,0.42857,0.28571,0.28571,0,0,0.61311,0.52121,0,0,0,0,0,0,0.5,0.5,0.5,0.49456,0.5449,0.56259,0.6808,0.6808,0.65714,0.68571,0,0,0,0,0,0,0,0,0,0
24,5.25,19.991,-46.896,0,0,0,0,0,0,0,0,0,0,0,0,0,0,0,0,0,0,0,0.34286,0.34286,0,0,0.59906,0.58571,0.51429,0.51429,0.4535,0.4535,0,0,0.5,0.49726,0,0,0.32487,0.32619,0,0,0.42078,0.42078,0,0,0,0,0.54239,0.49704,0.43109,0.4395,0,0,0,0,0,0.44286,0.47412,0.47008,0.53886,0.544,0.67143,0.67143,0.66006,0.65714,0,0,0,0,0,0,0,0,0,0
24.75,5.25,20.762,-47.925,0,0,0,0,0,0,0,0,0,0,0,0,0,0,0,0,0,0,0,0.34286,0.34286,0,0,0.58086,0.57898,0.49448,0.49448,0.47062,0.47062,0,0,0.46531,0.46607,0,0,0.31088,0.30714,0,0,0.38571,0.38514,0,0.31429,0,0,0.52857,0.57243,0.40902,0.40902,0,0,0,0,0.45714,0.45714,0.50952,0.50952,0.57143,0,0.61429,0.61429,0.60902,0.63308,0,0,0,0,0,0,0,0,0,0
25.5,5.25,21.294,-48.671,0,0,0,0,0,0,0,0,0,0,0,0,0,0,0,0,0,0,0,0.36355,0.36355,0.28571,0.28857,0,0.57143,0.54805,0.55519,0.47143,0.47143,0,0,0.46623,0.45932,0.52857,0.52857,0.31429,0,0,0,0.43918,0.42143,0,0,0,0,0.50562,0.51429,0.37143,0.37143,0,0,0,0,0.49652,0.5,0.47035,0.46765,0,0.57143,0.55986,0.55943,0.61429,0.60974,0,0,0,0,0,0,0,0,0,0
26.25,5.25,21.398,-49.302,0,0,0,0,0,0,0,0,0,0,0,0,0,0,0,0,0,0,0,0.35714,0.35584,0,0,0.54781,0.54781,0.50603,0.49651,0.46997,0.46997,0,0,0.45714,0.44286,0.52857,0.51429,0,0,0,0,0.4051,0.40714,0,0,0,0,0.5,0.58009,0.41429,0.41429,0,0,0,0,0,0,0.44848,0.44848,0.6,0.6,0.60737,0.59622,0.56667,0.57619,0,0,0,0,0,0,0,0,0,0
27,5.25,21.584,-50.328,0,0,0,0,0,0,0,0,0,0,0,0,0,0,0,0,0,0,0,0.38571,0.38571,0.31429,0.32857,0.49622,0.49454,0.49429,0.49429,0.42904,0.41616,0.3,0.32857,0,0,0.52217,0.52217,0,0,0,0,0.47761,0.47761,0,0,0,0,0.5,0.60351,0.45714,0.45714,0,0,0,0,0.53389,0.52957,0.43653,0.43653,0,0,0.62173,0.61905,0.62857,0.6,0,0,0,0,0,0,0,0,0,0
27.75,5.25,22.611,-48.629,0,0,0,0,0,0,0,0,0,0,0,0,0,0,0,0,0,0,0,0.37835,0.37403,0.3,0,0.54651,0.54651,0.5,0.5,0.46637,0.46042,0.44286,0.44286,0.44286,0.44286,0,0,0,0,0,0,0.38571,0.39023,0.3,0.28571,0,0,0.52061,0.54035,0,0,0,0,0,0,0,0,0.43108,0.42882,0.54286,0.54286,0,0,0.61988,0.62857,0,0,0,0,0,0,0,0,0,0
28.5,5.25,22.901,-49.484,0,0,0,0,0,0,0,0,0,0,0,0,0,0,0,0,0,0,0,0.4,0.38571,0.3,0.32857,0.56463,0.56463,0.58022,0.57143,0.448,0.448,0.37143,0.35714,0.38571,0.38571,0,0,0,0,0,0,0.41429,0.40897,0,0,0,0,0.55714,0.51197,0,0,0,0,0,0,0.48571,0.48571,0.45059,0.4406,0.54156,0.53506,0.65714,0.65714,0.61088,0.62857,0,0,0,0,0,0,0,0,0,0
16.5,6,22.839,-44.897,0,0,0,0,0,0,0,0,0,0,0,0,0,0,0,0,0,0,0,0,0,0.34286,0.32857,0.58381,0.58381,0.64286,0.64286,0.48325,0.48325,0,0,0.44286,0.44286,0,0,0.32857,0.33598,0,0,0.43492,0.42347,0.34286,0.34286,0,0,0.5,0.65074,0.51429,0.51714,0,0,0,0,0,0,0.47857,0.47768,0.54286,0.54286,0.54286,0.54286,0.57143,0.57143,0,0,0,0,0,0,0,0,0,0
17.25,6,22.655,-45.113,0,0,0,0,0,0,0,0,0,0,0,0,0,0,0,0,0,0.3,0.3,0,0,0.3068,0.32857,0.58242,0.57527,0.64817,0.63555,0.50756,0.50756,0.41429,0.39286,0.48841,0.48706,0,0,0,0,0,0,0.41032,0.4,0.32857,0.32857,0,0,0.5,0.62857,0.45714,0.45714,0,0,0,0,0.47143,0.47143,0.52857,0.52857,0.47143,0.47381,0.52857,0.51429,0.5619,0.57381,0,0,0,0,0,0,0,0,0,0
18,6,22.803,-45.313,0,0,0,0,0,0,0,0,0,0,0,0,0,0,0,0,0,0,0,0,0,0.32343,0.32857,0.57143,0.57143,0.57068,0.56842,0.44286,0.42857,0.38929,0.38482,0.47143,0.47143,0.5,0.5,0.42857,0.41429,0,0,0.43413,0.43214,0,0,0,0,0.5363,0.6,0,0,0,0,0,0,0.45263,0.46241,0.45714,0.45714,0,0,0.56692,0.55714,0.51429,0.51429,0,0,0,0,0,0,0,0,0,0
18.75,6,22.861,-45.721,0,0,0,0,0,0,0,0,0,0,0,0,0,0,0,0,0,0,0,0,0,0.32857,0,0.55714,0.55714,0.58571,0.58571,0.39241,0.4,0.39916,0.39916,0,0.47143,0,0,0.36912,0.36912,0,0,0.45034,0.43605,0,0,0,0,0.6,0.58298,0,0.58571,0,0,0,0,0.45714,0.45714,0.45714,0.45714,0,0,0.52857,0.52857,0.57922,0.59221,0,0,0,0,0,0,0,0,0,0
19.5,6,22.533,-46.018,0,0,0,0,0,0,0,0,0,0,0,0,0,0,0,0,0,0,0,0,0,0.32857,0,0.61994,0.61994,0.64286,0,0.38624,0.37725,0.37725,0.39418,0.49252,0.48163,0.57143,0.57143,0.37143,0.37143,0,0,0.45714,0.44286,0,0,0,0,0.6,0.54011,0.5,0.5,0,0,0.31769,0.31429,0.43401,0.43401,0.45714,0.45714,0,0,0.58052,0.58052,0.53529,0.52521,0,0,0,0,0,0,0,0,0,0
20.25,6,21.838,-45.644,0,0,0,0,0,0,0,0,0,0,0,0,0,0,0,0,0,0,0,0.35714,0.35521,0.32857,0.32857,0.5619,0.55676,0.65934,0.65934,0.39286,0.39018,0.4,0.4,0.52418,0.52418,0,0,0.32857,0.32857,0,0,0.39286,0.38571,0.3,0.3,0,0,0.59157,0.58908,0.51429,0.51429,0,0,0,0,0,0,0.48571,0.47857,0.55462,0.54286,0.42857,0.42995,0.59116,0.5966,0,0,0,0,0,0,0,0,0,0
21,6,20.622,-44.455,0,0,0,0,0,0,0,0,0,0,0,0,0,0,0,0,0,0,0,0,0,0.31429,0.28571,0.52959,0.52721,0.58571,0.58261,0.44286,0.44127,0.37143,0.37143,0.54286,0.52857,0.55556,0.55612,0,0,0,0,0.45714,0.44286,0.31429,0,0,0,0.58571,0.57403,0.5013,0.50779,0,0,0,0,0.48413,0.48413,0.50731,0.50399,0,0,0.52857,0.52857,0,0,0,0,0,0,0,0,0,0,0,0
21.75,6,19.701,-43.196,0,0,0,0,0,0,0,0,0,0,0,0,0,0,0,0,0,0,0,0.37021,0.37021,0.30762,0.3,0.52775,0.52582,0.52857,0.52857,0.37692,0.38076,0,0,0.52078,0.51688,0.53143,0.55429,0,0,0,0,0.45714,0.45714,0,0,0,0,0.58571,0.58052,0.51429,0.51429,0,0,0.31429,0.31143,0.48571,0.48571,0.48571,0.47833,0.52857,0.57143,0.52857,0.51429,0.7,0.70984,0,0,0,0,0,0,0,0,0,0
22.5,6,19.609,-42.722,0,0,0,0,0,0,0,0,0,0,0,0,0,0,0,0,0,0,0,0.36216,0.35965,0.36429,0.34821,0.51752,0.51321,0.58571,0.57143,0.38125,0.38125,0.31429,0.34286,0.5196,0.5196,0.53407,0.54286,0.35251,0.34752,0,0,0.4,0,0.3,0.3,0,0,0.58571,0.55982,0.4,0.4,0,0,0.32857,0.32857,0.5,0.5,0.49264,0.48571,0.59121,0.59121,0.53527,0.52812,0.64586,0.63459,0,0,0,0,0,0,0,0,0,0
23.25,6,19.845,-44.057,0,0,0,0,0,0,0,0,0,0,0,0,0,0,0,0,0,0,0,0.45714,0.44286,0.34286,0.37143,0.6,0.59821,0.51429,0.51429,0.41118,0.41118,0.35714,0.37347,0.49388,0.49388,0,0.47143,0.32857,0.32857,0,0,0.44752,0.44752,0.31257,0.32857,0,0,0.58571,0.54841,0,0,0,0,0.31429,0.31429,0,0,0.52768,0.51845,0.55294,0.55294,0.60075,0.59173,0.64286,0.65714,0,0,0,0,0,0,0,0,0,0
24,6,20.537,-45.492,0,0,0,0,0,0,0,0,0,0,0,0,0,0,0,0,0,0,0,0.44559,0.43371,0.28571,0.29238,0.56692,0.56203,0.48571,0.48571,0.42217,0.42217,0.38571,0.4,0.48929,0.48571,0.47143,0.48571,0,0,0,0,0.41429,0.40952,0.34286,0.32857,0,0,0.58571,0.59011,0.44286,0.44286,0,0,0.31429,0.31429,0.5,0.52857,0.50726,0.5,0.56587,0.56811,0.64852,0.64852,0.65714,0.65714,0,0,0,0,0,0,0,0,0,0
24.75,6,21.314,-46.842,0,0,0,0,0,0,0,0,0,0,0,0,0,0,0,0,0,0,0,0.4281,0.40898,0.3,0,0.61429,0.61429,0,0,0.45313,0.45063,0.33347,0.34835,0.4,0.4,0,0,0.32857,0.32857,0,0,0.42857,0.42857,0,0,0,0,0.5548,0.52927,0.44,0.44,0,0,0,0,0.5,0.53429,0.50526,0.5,0.54925,0.54925,0.62434,0.62434,0.60536,0.62338,0,0,0,0,0,0,0,0,0,0
25.5,6,22.281,-47.599,0,0,0,0,0,0,0,0,0,0,0,0,0,0,0,0,0,0,0,0.4478,0.44034,0.35714,0.3,0.58571,0.58571,0.49571,0.49357,0.43161,0.43161,0.28571,0.31429,0.46374,0.45137,0.57143,0.57143,0.32857,0.32857,0,0,0.46404,0.44975,0,0.28571,0,0,0.54286,0.53207,0.42857,0.42857,0,0,0.3,0.3,0.5,0.5,0.5,0.49474,0.57143,0.52857,0.63117,0.63117,0.65023,0.64286,0,0,0,0,0,0,0,0,0,0
26.25,6,22.785,-47.946,0,0,0,0,0,0,0,0,0,0,0,0,0,0,0,0,0,0,0,0.44076,0.43529,0.32857,0.32857,0.52941,0.52941,0.51553,0.51366,0.41006,0.41006,0.34286,0.33771,0.48655,0.47983,0.48571,0.48571,0.35109,0.34939,0,0,0.47143,0.46917,0,0.28571,0,0,0.54286,0.58571,0.41429,0.42857,0,0,0,0,0.52381,0.55714,0.52143,0.52143,0,0,0.58571,0.58571,0.65714,0.62857,0,0,0,0,0,0,0,0,0,0
27,6,23.112,-48.117,0,0,0,0,0,0,0,0,0,0,0,0,0,0,0,0,0,0,0,0.44286,0.44286,0.34286,0.33956,0.5822,0.57869,0.48105,0.48484,0.40927,0.40927,0.3,0.3,0.45179,0.45,0.62857,0.60286,0.34394,0.34241,0,0,0.46548,0.45952,0,0,0,0,0.54965,0.5632,0,0,0,0,0.3,0.3,0,0,0.46964,0.46607,0,0,0.57143,0.57143,0.54286,0.54835,0,0,0,0,0,0,0,0,0,0
27.75,6,23.847,-47.741,0,0,0,0,0,0,0,0,0,0,0,0,0,0,0,0,0,0,0,0,0,0.32857,0.32857,0.55893,0.58571,0.52527,0.53846,0.43125,0.42321,0,0,0.45552,0.45455,0.52857,0.55414,0,0,0,0,0.46303,0.4542,0,0,0,0,0.55714,0.55504,0,0,0,0,0.3,0.3,0.5355,0.5303,0.45,0.45,0,0,0.58571,0.57857,0.5467,0.55275,0,0,0,0,0,0,0,0,0,0
28.5,6,24.199,-46.631,0,0,0,0,0,0,0,0,0,0,0,0,0,0,0,0,0,0,0,0.44286,0.44286,0,0.28571,0.52041,0.52185,0.44286,0.44286,0.42403,0.41818,0.37792,0.38961,0.46117,0.46117,0.51429,0.51429,0,0,0,0,0.44332,0.44286,0,0,0,0,0.55714,0.5331,0.4,0.4125,0,0,0,0,0.49231,0.49451,0.45714,0.44977,0.6,0.60046,0.64286,0.64286,0.55714,0.55165,0,0,0,0,0,0,0,0,0,0
16.5,6.75,24.802,-45.032,0,0,0,0,0,0,0,0,0,0,0,0,0,0,0,0,0,0,0,0.40476,0.41429,0.32857,0.31429,0.5695,0.56687,0.72857,0.72857,0.48864,0.48571,0.37143,0.42857,0.46571,0.5,0.47143,0.47143,0.38571,0.37494,0,0,0.5,0.5,0.37802,0.34667,0,0,0.55714,0.56939,0.54694,0.54286,0,0,0.3,0.3,0.51429,0.51429,0.48571,0.48571,0.55374,0.54286,0.53193,0.53193,0.6,0.6,0,0,0,0,0,0,0,0,0,0
17.25,6.75,24.579,-44.771,0,0,0,0,0,0,0,0,0,0,0,0,0,0,0,0,0,0,0,0.51582,0.51582,0,0,0.58571,0.58363,0.68571,0.68571,0.45952,0.44524,0.32993,0.34286,0.48521,0.48405,0,0,0.36165,0.35065,0,0,0.44286,0.44286,0,0,0,0,0.55714,0.60113,0.5013,0.50448,0,0,0,0,0.47891,0.50068,0.41429,0.41429,0.45714,0.47143,0.65714,0.64286,0.61429,0.62857,0,0,0,0,0,0,0,0,0,0
18,6.75,24.964,-44.471,0,0,0,0,0,0,0,0,0,0,0,0,0,0,0,0,0,0,0,0.52857,0.5256,0,0,0.58571,0.58571,0.60332,0.59502,0.44947,0.44815,0,0,0.51088,0.5,0.54286,0.54286,0.34918,0.33247,0,0,0.47143,0.47143,0,0,0,0,0.57775,0.60303,0.48571,0.48571,0,0,0.28571,0,0,0,0.51429,0.51429,0.49565,0.49388,0.5,0.5,0,0,0,0,0,0,0,0,0,0,0,0
18.75,6.75,25.078,-44.635,0,0,0,0,0,0,0,0,0,0,0,0,0,0,0,0,0,0,0,0.49184,0.4974,0,0,0.55328,0.5471,0.62857,0.6,0.42702,0.42236,0,0,0.52857,0.52857,0,0.55714,0,0.36753,0,0,0.42857,0.42857,0.34286,0,0,0,0.58571,0.5772,0,0,0,0,0,0,0.42857,0.42857,0.51429,0.5,0.5,0,0.51071,0.50952,0,0.55455,0,0,0,0,0,0,0,0,0,0
19.5,6.75,24.852,-44.843,0,0,0,0,0,0,0,0,0,0,0,0,0,0,0,0,0,0,0,0.47755,0.47143,0,0,0.52771,0.52987,0.64337,0.6398,0.43982,0.43678,0.28571,0.31429,0.46957,0.4618,0.51746,0.52484,0.34821,0.34942,0,0,0.48571,0.48014,0.34286,0.32857,0,0,0.58571,0.57268,0,0,0,0,0,0,0,0,0.5,0.5,0,0,0.50571,0.50286,0,0,0,0,0,0,0,0,0,0,0,0
20.25,6.75,24.33,-44.143,0,0,0,0,0,0,0,0,0,0,0,0,0,0,0,0,0,0,0,0.49515,0.49515,0.31429,0.32857,0.51801,0.51553,0.56593,0.58571,0.44286,0.43759,0.32709,0.32069,0.45238,0.47635,0.48571,0.47143,0.36875,0.37143,0,0,0.47619,0.46667,0.36429,0.36429,0,0,0.58571,0.58042,0.45714,0.49286,0,0,0,0,0.42857,0.45714,0.5,0.5,0.55714,0.55714,0.53197,0.53197,0.56847,0.57013,0,0,0,0,0,0,0,0,0,0
21,6.75,23.499,-42.635,0,0,0,0,0,0,0,0,0,0,0,0,0,0,0,0,0,0,0,0.5,0.48616,0.32857,0.32857,0.50714,0.5,0,0,0.38348,0.39911,0.34545,0.33247,0.57143,0.57143,0.64286,0.64286,0.34026,0.37143,0,0,0.51429,0.51429,0,0,0,0,0.58571,0.58847,0.51429,0.51429,0,0,0,0,0.51429,0.5,0.52782,0.52782,0,0,0.5529,0.52857,0.6,0.61176,0,0,0,0,0,0,0,0,0,0
21.75,6.75,23.043,-41.288,0,0,0,0,0,0,0,0,0,0,0,0,0,0,0,0,0,0,0,0.5,0.5,0.31429,0,0.49532,0.48399,0.58571,0.58571,0.40936,0.41591,0.34286,0.34286,0.5026,0.52857,0,0,0.34286,0,0,0,0.474,0.48571,0,0,0,0,0.64286,0.64918,0.50914,0.50914,0,0,0.31429,0.31429,0.52601,0.5293,0.54286,0.52857,0.54286,0.54286,0.52,0.52,0,0,0,0,0,0,0,0,0,0,0,0
22.5,6.75,22.648,-40.966,0,0,0,0,0,0,0,0,0,0,0,0,0,0,0,0,0,0,0,0.46266,0.45714,0.35714,0.34286,0.56541,0.56541,0.57834,0.57104,0.3911,0.39221,0,0,0.50612,0.49796,0.5,0.5,0.36857,0.36413,0,0,0.47302,0,0.31611,0.31705,0,0,0.63817,0.62392,0,0,0,0,0.31429,0.31224,0.47143,0.49592,0.54286,0.53681,0.5545,0.55714,0.66917,0.66917,0.72857,0.73407,0,0,0,0,0,0,0,0,0,0
23.25,6.75,22.828,-42.365,0,0,0,0,0,0,0,0,0,0,0,0,0,0,0,0,0,0,0,0.45714,0.45714,0.32857,0.34286,0.55714,0.55714,0.52857,0.52814,0.40578,0.3966,0.34286,0.35714,0.51429,0.5,0.57143,0.55714,0.34603,0.37143,0,0,0,0,0,0,0,0,0.59274,0.58454,0.49228,0.49846,0,0,0,0,0.46614,0.46614,0.47143,0.45714,0.56054,0.56054,0.6192,0.61429,0.61429,0.63571,0,0,0,0,0,0,0,0,0,0
24,6.75,23.125,-44.466,0,0,0,0,0,0,0,0,0,0,0,0,0,0,0,0,0,0,0,0.46415,0.46599,0,0,0.6102,0.6102,0.53598,0.54286,0.38103,0.37171,0.3,0.3,0,0,0,0,0,0,0,0,0.44286,0,0.3,0.3,0,0,0.53208,0.50984,0.44681,0.44316,0,0,0,0,0.45714,0.45714,0,0,0,0,0.67143,0.67143,0,0,0,0,0,0,0,0,0,0,0,0
24.75,6.75,23.562,-46.012,0,0,0,0,0,0,0,0,0,0,0,0,0,0,0,0,0,0,0,0.45,0.45268,0.32857,0.31429,0.57569,0.574,0.4795,0.49006,0.37563,0.36878,0,0.31429,0.50737,0.5,0,0,0,0,0,0,0,0,0.30816,0.31497,0,0,0.52857,0.59137,0.42857,0.44286,0,0,0.33668,0.32239,0.5,0.54286,0.58571,0.57143,0.60386,0.59614,0.65714,0.64286,0.62857,0.61071,0,0,0,0,0,0,0,0,0,0
25.5,6.75,24.04,-46.913,0,0,0,0,0,0,0,0,0,0,0,0,0,0,0,0,0,0,0,0.47725,0.48049,0,0,0.56146,0.55418,0.48571,0.48182,0.41429,0.4,0.31429,0.3,0.51429,0.51429,0,0,0,0,0,0,0,0,0.28647,0.29119,0,0,0.52857,0.55228,0.47922,0.49554,0,0,0.3,0.3,0.54286,0.54286,0.54286,0.54286,0.60268,0.60714,0,0,0.64286,0.64286,0,0,0,0,0,0,0,0,0,0
26.25,6.75,24.681,-47.51,0,0,0,0,0,0,0,0,0,0,0,0,0.45077,0,0,0,0,0,0,0.49094,0.49059,0.32857,0.31429,0.59011,0.58571,0.47143,0.49456,0.40752,0.39766,0.28912,0.28571,0.5,0.5,0.58571,0.58027,0,0,0,0,0,0.44286,0.3,0.31429,0,0,0.52857,0.50714,0.42532,0.44643,0,0,0,0,0.5,0.54286,0.52941,0.52941,0,0,0.55714,0.55714,0.61429,0,0,0,0,0,0,0,0,0,0,0
27,6.75,25.141,-47.449,0,0,0,0,0,0,0,0,0,0,0,0,0.36206,0,0,0,0,0,0,0.43399,0.43123,0.33773,0.33344,0.55079,0.55079,0,0,0.39439,0.38571,0.32857,0.28571,0.44286,0.42857,0.51429,0.53714,0,0,0,0,0.42857,0.42857,0,0.28571,0,0,0.53841,0.51325,0.42857,0.42857,0,0,0.30714,0.31429,0.51429,0.50714,0.52857,0.52857,0.59847,0.60153,0.55714,0.54286,0.6,0.58571,0,0,0,0,0,0,0,0,0,0
27.75,6.75,25.507,-46.739,0,0,0,0,0,0,0,0,0,0,0,0,0,0,0,0,0,0,0,0.4273,0.41849,0,0,0.57325,0.56701,0.50204,0.50776,0.41029,0.41099,0.34286,0,0.52702,0.52702,0,0,0,0,0,0,0.40731,0.38367,0,0.34286,0,0,0.54286,0.54725,0.41429,0.42857,0,0,0.29418,0.28571,0.53736,0.52857,0.5441,0.5413,0.6,0.61742,0.61429,0,0.65714,0.65714,0,0,0,0,0,0,0,0,0,0
28.5,6.75,25.785,-44.887,0,0,0,0,0,0,0,0,0,0,0,0,0,0,0,0,0,0,0,0.42302,0.42302,0.28571,0.3,0.55238,0.55238,0.52674,0.5304,0.40169,0.38779,0.31209,0.32857,0.42762,0.41873,0.55714,0.55714,0,0,0,0,0.44147,0.44147,0.3,0.28571,0,0,0.5171,0.50498,0.4,0.41429,0,0,0.29958,0.32857,0,0,0.49543,0.49143,0.57512,0.58109,0.61429,0.61345,0.62857,0.62857,0,0,0,0,0,0,0,0,0,0
16.5,7.5,26.202,-46.422,0,0,0,0,0,0,0,0,0,0,0,0,0,0,0,0,0,0,0,0.47198,0.47143,0.37143,0.34857,0.58571,0.58571,0,0,0.44617,0.43878,0.34343,0.33613,0.51518,0.50714,0,0,0.4185,0.41194,0,0,0.47143,0.47143,0.31429,0.32571,0,0,0.64286,0.65714,0.50934,0.51429,0,0,0,0,0.5,0.48571,0.4665,0.45591,0.52857,0.49048,0.56387,0.56387,0.58,0.57714,0,0,0,0,0,0,0,0,0,0
17.25,7.5,26.075,-45.29,0,0,0,0,0,0,0,0,0,0,0,0,0,0,0,0,0,0,0,0.42857,0.42857,0.34286,0.32857,0.59256,0.59256,0.60226,0.61203,0.46555,0.45714,0,0.28571,0.50886,0.5,0.52857,0.52857,0.31429,0,0,0,0.46891,0.46891,0.31429,0.31429,0,0,0.65176,0.65714,0.51429,0.51429,0,0,0,0,0.5,0.5,0.52857,0.51429,0,0.48571,0.48571,0.48571,0.6,0.6,0,0,0,0,0,0,0,0,0,0
18,7.5,26.113,-44.623,0,0,0,0,0,0,0,0,0,0,0,0,0,0,0,0,0,0,0,0.4,0.4,0.32398,0.34966,0.61345,0.61345,0.63994,0.63848,0.43776,0.43027,0.3369,0.33095,0.5,0.5,0.51429,0.55714,0,0,0,0,0.45714,0.45714,0,0,0,0,0.65714,0.63556,0,0,0,0,0,0,0.51143,0.51143,0.51016,0.5,0.47143,0.48571,0,0,0.55714,0.55714,0,0,0,0,0,0,0,0,0,0
18.75,7.5,26.333,-44.497,0,0,0,0,0,0,0,0,0,0,0,0,0,0,0,0,0,0,0,0.39037,0.38538,0.34286,0.32857,0.54151,0.54151,0.58286,0.57729,0.41429,0.41429,0.33463,0.32641,0.45714,0.45714,0.5,0.51633,0,0,0,0,0.51679,0.51429,0,0,0,0,0.65714,0.6,0,0,0,0,0.3,0.3,0.5,0.5,0.5,0.5,0.53793,0.54286,0.54286,0.52857,0,0,0,0,0,0,0,0,0,0,0,0
19.5,7.5,26.262,-44.093,0,0,0,0,0,0,0,0,0,0,0,0,0,0,0,0,0,0,0,0.39725,0.39725,0.32857,0.35714,0.53083,0.52857,0.54857,0.55714,0.41429,0.40204,0.35714,0.35714,0.47143,0.47143,0.61429,0.61429,0,0,0,0,0.5,0.48571,0.37143,0.37143,0,0,0.63607,0.58052,0.55714,0.54286,0,0,0,0,0.46878,0.46878,0.5,0.5,0.54286,0.53435,0.51429,0.51429,0.59603,0.59603,0,0,0,0,0,0,0,0,0,0
20.25,7.5,26.4,-43.136,0,0,0,0,0,0,0,0,0,0,0,0,0,0,0,0,0,0,0,0.38346,0.38346,0.32773,0.32605,0,0,0.60376,0.59474,0.417,0.41429,0.35714,0.32857,0.50764,0.50334,0.58571,0.55714,0,0,0,0,0.4375,0.43492,0,0,0,0,0.58618,0.5688,0.55714,0.51429,0,0,0,0,0,0,0.56553,0.56143,0.51429,0.51429,0.53968,0.53968,0.60714,0.60714,0,0,0,0,0,0,0,0,0,0
21,7.5,26.232,-41.665,0,0,0,0,0,0,0,0,0,0,0,0,0,0,0,0,0,0,0,0.38929,0.37857,0.3,0.29774,0.61071,0.61071,0.60714,0.61562,0.41667,0.4119,0.34286,0.35714,0.49084,0.49026,0,0,0,0,0,0,0.45,0.44286,0,0,0,0,0.58571,0.6,0.52597,0.50584,0,0,0,0,0.50226,0.50226,0.52391,0.51429,0,0,0.6,0.6,0.65668,0.64286,0,0,0,0,0,0,0,0,0,0
21.75,7.5,26.054,-40.691,0,0,0,0,0,0,0,0,0,0,0,0,0,0,0,0,0,0,0,0.35857,0.35714,0.31429,0.30204,0.54383,0.53896,0.53367,0.53367,0.38015,0.3754,0.30084,0.31429,0.54603,0.53746,0.55344,0.53968,0,0,0,0,0.41429,0.41429,0,0.3,0,0,0.65714,0.58766,0.48571,0.48571,0,0,0.28571,0.29503,0.50045,0.49955,0.52584,0.5234,0.52759,0.5197,0,0,0.61429,0.64286,0,0,0,0,0,0,0,0,0,0
22.5,7.5,25.814,-40.563,0,0,0,0,0,0,0,0,0,0,0,0,0,0,0,0,0,0,0,0.37714,0.38571,0,0,0.6011,0.6011,0.53678,0.54286,0.35714,0.34286,0.31429,0.31429,0.47293,0.47403,0.54874,0.55378,0,0,0,0,0.448,0.42166,0.3,0,0,0,0.63513,0.59951,0.55714,0.55714,0,0,0,0,0,0,0.55578,0.55578,0.60095,0.60857,0.58571,0.58571,0,0,0,0,0,0,0,0,0,0,0,0
23.25,7.5,25.811,-42.388,0,0,0,0,0,0,0,0,0,0,0,0,0,0,0,0,0,0,0,0.34416,0.33377,0,0,0.59607,0.59429,0.4355,0.4355,0.39862,0.38469,0,0.28571,0.47143,0.47143,0.55022,0.54286,0,0,0,0,0.41152,0.40922,0,0.29228,0,0,0.62857,0.51866,0.45714,0.47143,0,0,0,0,0.50756,0.51513,0.54637,0.54403,0.56834,0.56834,0.68571,0.68571,0.65714,0.67692,0,0,0,0,0,0,0,0,0,0
24,7.5,25.134,-45.03,0,0,0,0,0,0,0,0,0,0,0,0,0,0,0,0,0,0,0,0.37989,0.37931,0.32857,0.31429,0.5412,0.5412,0.49167,0.49464,0.39339,0.38836,0,0,0.56406,0.55714,0.56612,0.57184,0,0,0,0,0.41758,0.40586,0,0,0,0,0.62857,0.58075,0.46335,0.46894,0,0,0.33571,0.325,0.51429,0.52857,0.52311,0.51681,0.55664,0.55789,0.58571,0.58571,0.74874,0.74874,0,0,0,0,0,0,0,0,0,0
24.75,7.5,24.78,-46.822,0,0,0,0,0,0,0,0,0,0,0,0,0,0,0,0,0,0,0,0.34816,0.35,0,0.31429,0.61032,0.60794,0.51429,0.52857,0.34949,0.34286,0.32331,0.3203,0.49503,0.49429,0,0,0,0,0,0,0.4,0.4,0,0,0,0,0.62108,0.55714,0.44042,0.44355,0,0,0.31429,0.31429,0.48571,0.51429,0.48356,0.48248,0.57143,0.55714,0.57143,0.55619,0.61905,0.63333,0,0,0,0,0,0,0,0,0,0
25.5,7.5,24.466,-47.629,0,0,0,0,0,0,0,0,0,0,0,0,0,0,0,0,0,0,0,0.32857,0.32517,0,0,0.55653,0.55653,0.50332,0.51761,0.37143,0.37268,0,0,0.53571,0.52313,0.51429,0.51429,0,0,0,0,0,0,0,0.28571,0,0,0.56417,0.54082,0.41597,0.40336,0,0,0.31429,0.31429,0.52143,0.51429,0.50952,0.50833,0.6,0.6,0,0,0,0.65714,0,0,0,0,0,0,0,0,0,0
26.25,7.5,24.818,-47.684,0,0,0,0,0,0,0,0,0,0,0,0,0,0,0,0,0,0,0,0,0,0.31429,0.3,0.60486,0.60456,0.51429,0.51429,0.41429,0.40691,0.31429,0.31429,0.54762,0.54762,0.51429,0.51429,0,0,0,0,0.44865,0.44286,0,0,0,0,0.55714,0.51607,0.44286,0.45714,0,0,0.30045,0.3,0.53688,0.53721,0.48147,0.48108,0.6,0.6,0.66912,0.66912,0.68571,0.68571,0,0,0,0,0,0,0,0,0,0
27,7.5,25.309,-47.71,0,0,0,0,0,0,0,0,0,0,0,0,0,0,0,0,0,0,0,0.34286,0.34286,0.32857,0.32857,0.56473,0.56473,0.46429,0.4747,0.4,0.4,0.30824,0.31429,0.48571,0.48,0.58571,0.57143,0,0,0,0,0,0,0.3,0.28571,0,0,0.55714,0.55495,0.43736,0.43407,0,0,0.31429,0,0.59156,0.59156,0.49714,0.48571,0.67778,0.66746,0,0,0.68571,0.68571,0,0,0,0,0,0,0,0,0,0
27.75,7.5,25.752,-46.958,0,0,0,0,0,0,0,0,0,0,0,0,0,0,0,0,0,0,0,0,0,0,0,0.51948,0.51948,0.45646,0.45748,0.42399,0.42102,0.37143,0.37143,0.55905,0.55571,0.62857,0.58571,0,0,0,0,0.44286,0.42857,0.31254,0.32059,0,0,0.55714,0.51368,0.46607,0.47143,0,0,0,0.28571,0.52143,0.52857,0.56516,0.55589,0.63032,0.62741,0,0,0,0,0,0,0,0,0,0,0,0,0,0
28.5,7.5,25.366,-45.137,0,0,0,0,0,0,0,0,0,0,0,0,0,0,0,0,0,0,0,0.35934,0.35889,0,0,0.4978,0.4978,0.46093,0.45802,0.38408,0.38367,0.31429,0.33333,0.53203,0.52511,0.58571,0.6,0,0,0,0,0.42857,0.42857,0,0,0,0,0.55714,0.54687,0.42857,0.42857,0,0,0.31429,0,0,0,0.49121,0.49121,0.64286,0.65143,0.55366,0.56446,0.62562,0.6335,0,0,0,0,0,0,0,0,0,0
16.5,8.25,27.375,-48.98,0,0,0,0,0,0,0,0,0,0,0,0,0,0,0,0,0,0,0,0.4084,0.4084,0,0,0,0,0,0,0.42707,0.42059,0.31429,0,0.44363,0.43552,0,0,0,0.34286,0,0,0.48571,0,0.34286,0,0,0,0.61429,0.6,0,0,0,0,0.28571,0,0.5,0.50173,0.43571,0.43571,0,0,0.62823,0.61973,0.62063,0.62857,0,0,0,0,0,0,0,0,0,0
17.25,8.25,27.652,-47.367,0,0,0,0,0,0,0,0,0,0,0,0,0,0,0,0,0,0,0,0.4027,0.4027,0.33594,0.31429,0.59617,0.59617,0.61429,0.61429,0.39193,0.39119,0,0.2978,0.47302,0.47302,0,0,0,0,0,0,0.45714,0.45714,0,0,0,0,0.61429,0.65357,0,0,0,0,0.32857,0,0.48571,0.48571,0.49094,0.48416,0,0,0.59388,0.59286,0.59309,0.59309,0,0,0,0,0,0,0,0,0,0
18,8.25,27.692,-46.531,0,0,0,0,0,0,0,0,0,0,0,0,0,0,0,0,0,0,0,0.42005,0.42005,0,0,0.64286,0.64286,0.67143,0.65325,0.4,0.4,0,0,0.48571,0.48571,0,0.45714,0.33641,0.34286,0,0,0.46327,0.45714,0,0.31429,0,0,0.61429,0.57609,0.52925,0.52925,0,0,0,0,0.48571,0.42857,0.42857,0.43605,0.58571,0.55714,0.52088,0.50659,0,0,0,0,0,0,0,0,0,0,0,0
18.75,8.25,27.562,-45.67,0,0,0,0,0,0,0,0,0,0,0,0,0,0,0,0,0,0,0,0.38519,0.38519,0,0,0.64286,0.64286,0.62381,0.62381,0.4,0.4,0.35714,0.31429,0.46779,0.45351,0,0,0,0,0,0,0.47143,0.46868,0,0,0,0,0.61429,0.61805,0,0,0.32857,0.32857,0,0,0.50148,0.48719,0.47905,0.47143,0,0,0.54982,0.54286,0,0,0,0,0,0,0,0,0,0,0,0
19.5,8.25,28.332,-44.775,0,0,0,0,0,0,0,0,0,0,0,0,0,0,0,0,0,0,0,0.37143,0,0,0,0.53333,0.5381,0.61429,0.58571,0.36152,0.36443,0.34286,0.34286,0.42109,0.41156,0,0,0,0,0,0,0.41429,0.41429,0,0,0,0,0.61429,0.58571,0.48571,0.48571,0.31429,0,0,0,0,0.47143,0.5,0.5,0,0,0.54939,0.54939,0.61429,0.62403,0,0,0,0,0,0,0,0,0,0
20.25,8.25,28.597,-43.21,0,0,0,0,0,0,0,0,0,0,0,0,0,0,0,0,0,0,0,0.36703,0.36429,0,0,0,0.57143,0.62857,0.62411,0.39124,0.40089,0.37143,0.35714,0.54286,0.53571,0.55714,0.55714,0,0,0,0,0.44286,0,0,0.3,0,0,0.61429,0.61429,0.53571,0.54286,0.32857,0,0,0,0.50466,0.51304,0.51429,0.51429,0.48571,0.5,0.54422,0.54422,0.6,0.60714,0,0,0,0,0,0,0,0,0,0
21,8.25,29.088,-41.608,0,0,0,0,0,0,0,0,0,0,0,0,0,0,0,0,0,0,0,0.36,0,0,0,0.61429,0.6,0,0,0.39588,0.39588,0,0,0.5,0.49058,0,0,0,0,0,0,0,0,0,0.3,0,0,0.61429,0.61429,0,0,0,0,0.29029,0.28571,0.48571,0.5,0.57529,0.57529,0,0,0,0,0.62857,0.67143,0,0,0,0,0,0,0,0,0,0
21.75,8.25,29.499,-40.573,0,0,0,0,0,0,0,0,0,0,0,0,0,0,0,0,0,0,0,0,0,0.32857,0.32468,0.5,0.5,0,0,0.34011,0.35714,0.35714,0,0.49286,0.48571,0,0,0,0,0,0,0.42857,0.41429,0,0,0,0,0.61429,0.71429,0.42857,0.44286,0,0,0,0,0.55714,0.54615,0.55714,0.55714,0.49286,0.51429,0.58224,0.58224,0.7,0.67594,0,0,0,0,0,0,0,0,0,0
22.5,8.25,28.967,-40.754,0,0,0,0,0,0,0,0,0,0,0,0,0,0,0,0,0,0,0,0.38571,0.38571,0,0,0.58571,0.57143,0.6013,0.60994,0.3913,0.38137,0.35714,0,0.51032,0.5,0.5,0.47143,0,0,0,0,0.39382,0.4,0,0.28571,0,0,0.58759,0.55714,0.38571,0.4,0,0,0,0,0,0,0.55714,0.54571,0.54286,0.54286,0.6375,0.6375,0,0,0,0,0,0,0,0,0,0,0,0
23.25,8.25,27.726,-42.886,0,0,0,0,0,0,0,0,0,0,0,0,0,0,0,0,0,0,0,0,0,0,0,0,0,0.53187,0.54286,0.39498,0.38984,0,0,0.5261,0.51429,0,0,0,0,0,0,0.38571,0.38571,0,0,0,0,0.58571,0.54286,0,0,0,0,0,0,0,0,0.57887,0.56935,0.55714,0.55714,0.65714,0.65714,0.71429,0.75714,0,0,0,0,0,0,0,0,0,0
24,8.25,26.266,-46.097,0,0,0,0,0,0,0,0,0,0,0,0,0,0,0,0,0,0,0,0,0,0.32857,0.32857,0,0,0.53187,0.54286,0.3829,0.37994,0,0,0.48,0.48,0,0,0,0,0,0,0,0,0,0,0,0,0.58571,0.58571,0.41429,0.4,0,0,0,0.28571,0,0,0.54286,0.54043,0.54286,0.54286,0.63074,0.63074,0.74286,0.74286,0,0,0,0,0,0,0,0,0,0
24.75,8.25,25.116,-47.939,0,0,0,0,0,0,0,0,0,0,0,0,0,0,0,0,0,0,0,0,0,0,0,0.55714,0.55714,0.55048,0.54286,0.3938,0.3938,0,0,0.59333,0.59333,0.58571,0.58571,0,0,0,0,0.35714,0.35714,0.31429,0.31429,0,0,0.54075,0.51429,0.5,0.47143,0,0,0.37143,0.37011,0.51429,0.48571,0.54286,0.54286,0.6,0.57143,0.55524,0.55524,0,0,0,0,0,0,0,0,0,0,0,0
25.5,8.25,24.626,-48.755,0,0,0,0,0,0,0,0,0,0,0,0,0,0,0,0,0,0,0,0,0,0,0,0.52857,0.51429,0.47143,0.47311,0.39368,0.39368,0,0.3,0.57143,0.56211,0,0,0,0.35714,0,0,0,0,0.3,0.3,0,0,0.52857,0.57377,0,0,0,0,0.37143,0,0.55714,0.52597,0.53354,0.53354,0.59286,0.59286,0.62857,0.61429,0,0,0,0,0,0,0,0,0,0,0,0
26.25,8.25,24.758,-48.326,0,0,0,0,0,0,0,0,0,0,0,0,0,0,0,0,0,0,0,0,0,0,0,0,0,0.51429,0.52857,0.32857,0.32682,0.32857,0.32857,0.51429,0.50714,0,0.52857,0,0,0,0,0.4,0.4,0,0,0,0,0.55972,0.61429,0,0,0,0,0.36413,0.36291,0.51429,0.51429,0.58571,0.58571,0.63143,0.63143,0.61429,0.61429,0.62857,0.61429,0,0,0,0,0,0,0,0,0,0
27,8.25,24.963,-48.054,0,0,0,0,0,0,0,0,0,0,0,0,0,0,0,0,0,0,0,0.40137,0.39976,0,0,0.45714,0.45714,0.51429,0.52857,0.40032,0.39405,0.29015,0.29015,0.54783,0.55248,0,0,0,0,0,0,0.42143,0.41429,0,0,0,0,0.57775,0.52823,0,0,0,0,0.37143,0.37143,0.58571,0.58571,0.55214,0.54857,0.62857,0.61429,0.67937,0.67778,0,0.64286,0,0,0,0,0,0,0,0,0,0
27.75,8.25,25.016,-47.197,0,0,0,0,0,0,0,0,0,0,0,0,0,0,0,0,0,0,0,0.4,0,0,0,0,0,0.48042,0.48519,0.4,0.4,0.3,0.28571,0.52857,0.51929,0.51429,0.51429,0,0,0,0,0.4,0,0,0,0,0,0.55714,0.507,0.45714,0.46429,0,0,0,0,0.5,0.50714,0.5,0.5,0.64286,0.6381,0.6601,0.65862,0.61429,0.64286,0,0,0,0,0,0,0,0,0,0
28.5,8.25,25.185,-45.517,0,0,0,0,0,0,0,0,0,0,0,0,0,0,0,0,0,0,0,0.37143,0.37143,0,0,0.5,0.49429,0.48571,0.48571,0.38571,0.38442,0.32857,0.35714,0.52359,0.52602,0,0.61429,0,0,0,0,0.41429,0,0,0,0,0,0.55714,0.6022,0.42857,0.42857,0,0,0.3,0.3,0.52857,0.52857,0.52063,0.51429,0.6,0.62594,0.57692,0.57143,0.64286,0,0,0,0,0,0,0,0,0,0,0
16.5,9,27.361,-51.243,0,0,0,0,0,0,0,0,0,0,0,0,0,0,0,0,0,0,0,0.53091,0.52623,0,0,0.64286,0.64286,0.74286,0.74286,0.42857,0.42045,0,0.31429,0.48571,0.48571,0,0,0,0,0,0,0,0,0.32857,0.33571,0,0,0.67143,0.67589,0.57143,0.57143,0,0,0.30646,0.31212,0,0.42857,0.45556,0.45556,0.5,0.50612,0.55714,0.56593,0,0,0,0,0,0,0,0,0,0,0,0
17.25,9,28.349,-49.966,0,0,0,0,0,0,0,0,0,0,0,0,0,0,0,0,0,0,0,0.51897,0.52061,0,0,0.62286,0.6219,0.6631,0.63,0.40971,0.398,0.31429,0.31429,0.47143,0.47143,0,0,0,0,0,0,0.5,0.5,0.36,0.34286,0,0,0.67143,0.66818,0.52857,0,0,0,0.28571,0,0.51429,0.52857,0.47143,0.47143,0.48571,0.49238,0.55714,0.55714,0.67692,0.68571,0,0,0,0,0,0,0,0,0,0
18,9,28.75,-48.732,0,0,0,0,0,0,0,0,0,0,0,0,0,0,0,0,0,0,0,0.53443,0.52131,0,0,0,0,0.68295,0.68571,0.39549,0.39435,0.32857,0,0.51429,0.5,0.44286,0,0,0,0,0,0.44286,0.44286,0.3471,0.33861,0,0,0.67143,0.63878,0.57143,0.58571,0,0,0.3,0.28571,0.52949,0.51475,0.5,0.5,0.51429,0.54286,0.6,0.6,0.62857,0.62857,0,0,0,0,0,0,0,0,0,0
18.75,9,28.778,-47.273,0,0,0,0,0,0,0,0,0,0,0,0,0,0,0,0,0,0,0,0.48314,0.47611,0,0,0.65,0.65,0.59221,0.55714,0.38175,0.37903,0.32857,0.32857,0.45385,0.45385,0,0,0,0,0,0,0.42857,0.42857,0.35714,0.37143,0,0,0.67143,0.55714,0,0,0,0,0.3034,0.31429,0.55165,0.55714,0.48431,0.48431,0,0,0.64511,0.6391,0.65714,0.65714,0,0,0,0,0,0,0,0,0,0
19.5,9,29.428,-45.858,0,0,0,0,0,0,0,0,0,0,0,0,0,0,0,0,0,0,0,0.46015,0.44286,0,0,0.6,0.59094,0.5932,0.58844,0.40962,0.40962,0.30714,0.32857,0.45714,0.45714,0,0,0,0,0,0,0.41429,0,0.33673,0.33673,0,0,0.67143,0.64137,0.52857,0.52857,0,0,0,0.28571,0.51429,0.5,0.5,0.5,0.52857,0.52857,0.65714,0.65714,0.71429,0.7,0,0,0,0,0,0,0,0,0,0
20.25,9,30.345,-43.835,0,0,0,0,0,0,0,0,0,0,0,0,0,0,0,0,0,0,0,0.47518,0.46429,0,0,0.6212,0.61382,0.67007,0.68027,0.39226,0.39348,0.30385,0.28707,0.47143,0.47143,0.54694,0.54286,0,0,0,0,0.42857,0.41429,0.34286,0.35714,0,0,0.66534,0.62695,0,0,0.32857,0,0.31429,0.32773,0.48571,0.48571,0.56687,0.55593,0.55,0.55268,0.53839,0.53839,0.64286,0.65714,0,0,0,0,0,0,0,0,0,0
21,9,32.435,-41.745,0,0,0,0,0,0,0,0,0,0,0,0,0,0,0,0,0,0,0,0.44935,0.44286,0.31429,0.31429,0.64286,0.64286,0.64286,0.61429,0.4044,0.39719,0.3,0,0.5381,0.52857,0,0,0,0,0,0,0.44286,0.44286,0.34286,0.35714,0,0,0.64848,0.625,0.54329,0.55714,0.32857,0,0.31429,0.32308,0,0,0.56739,0.55714,0,0,0,0,0,0,0,0,0,0,0,0,0,0,0,0
21.75,9,34.798,-40.182,0,0,0,0,0,0,0,0,0,0,0,0,0,0,0,0,0,0,0,0.44286,0.4455,0,0,0.65714,0.65714,0.58893,0.57786,0.37899,0.36639,0.32321,0.32857,0.52057,0.51771,0.57143,0,0,0,0,0,0.43594,0.43594,0.32857,0.32857,0,0,0.64286,0.63117,0,0,0,0,0,0,0,0,0.50051,0.48597,0.58571,0.58571,0.58095,0.57619,0,0,0,0,0,0,0,0,0,0,0,0
22.5,9,34.639,-40.29,0,0,0,0,0,0,0,0,0,0,0,0,0,0,0,0,0,0,0,0.45199,0.45639,0,0,0.57143,0.57143,0.57238,0.58571,0.37143,0.36667,0,0,0.50227,0.5005,0.55714,0.58571,0,0,0,0,0.44286,0.42857,0.3,0.30476,0,0,0.64286,0.55,0,0,0,0,0.32857,0.32321,0.47143,0.48571,0.47905,0.48514,0.52952,0.57143,0.57619,0.57619,0.71429,0.7,0,0,0,0,0,0,0,0,0,0
23.25,9,31.677,-42.813,0,0,0,0,0,0,0,0,0,0,0,0,0,0,0,0,0,0,0,0.41429,0.40952,0,0,0,0,0.55882,0.56723,0.36692,0.35434,0,0,0.59477,0.58571,0,0,0,0,0,0,0,0,0.29286,0,0,0,0.62974,0.53315,0,0.42857,0,0,0.31429,0.3,0,0,0.55801,0.5485,0,0,0.61429,0.6,0.81429,0.78571,0,0,0,0,0,0,0,0,0,0
24,9,28.365,-46.547,0,0,0,0,0,0,0,0,0,0,0,0,0,0,0,0,0,0,0,0.3875,0.39359,0,0,0.57778,0.57778,0.52857,0.52857,0.37176,0.36555,0.32782,0.34286,0.53633,0.5298,0,0,0,0,0,0,0.41429,0.4,0.3312,0.32274,0,0,0.52857,0.57519,0.44286,0,0,0,0.31429,0.31429,0,0.48571,0.57143,0.56381,0.55714,0.6,0,0,0.72857,0.72857,0,0,0,0,0,0,0,0,0,0
24.75,9,25.99,-48.912,0,0,0,0,0,0,0,0,0,0,0,0,0,0,0,0,0,0,0,0.40071,0.40071,0,0,0.53403,0.53403,0.5034,0.51558,0.37143,0.36682,0,0,0.55714,0.55664,0,0,0,0,0,0,0.41429,0.40879,0.32857,0.32857,0,0,0.52857,0,0.48571,0.45714,0,0,0.34286,0.34286,0.52308,0.51429,0.61746,0.6,0,0,0.71429,0.71429,0.70381,0.71619,0,0,0,0,0,0,0,0,0,0
25.5,9,24.891,-49.644,0,0,0,0,0,0,0,0,0,0,0,0,0,0,0,0,0,0,0,0.42085,0.41101,0,0,0.52143,0.53056,0.48571,0.48571,0.38711,0.37325,0.35374,0.34286,0.51693,0.51693,0,0,0,0,0,0,0,0,0,0.34286,0,0,0.52857,0.55157,0.41429,0.45714,0,0,0.36978,0.36978,0.5,0.51429,0.50301,0.50425,0.6,0.61429,0.71429,0.71429,0.68254,0.69524,0,0,0,0,0,0,0,0,0,0
26.25,9,24.734,-49.277,0,0,0,0,0,0,0,0,0,0,0,0,0,0,0,0,0,0,0,0.4,0.39898,0,0,0.47143,0.47143,0.44762,0.4585,0.38328,0.39263,0.36429,0.36234,0.52857,0.52857,0.55714,0.57792,0,0,0,0,0.4,0,0,0,0,0,0.57494,0.55798,0,0,0,0,0.34021,0.33175,0,0.55714,0.54286,0.53817,0,0,0,0,0.68571,0.7,0,0,0,0,0,0,0,0,0,0
27,9,24.741,-48.018,0,0,0,0,0,0,0,0,0,0,0,0,0,0,0,0,0,0,0,0.38571,0.37857,0,0,0.54286,0.54286,0.4521,0.45882,0.37143,0.37143,0.30794,0.3,0.52857,0.52857,0.6,0.62517,0,0,0,0,0,0,0.28571,0.3,0,0,0.57143,0.57959,0,0,0,0,0.35714,0.35714,0.52857,0.52857,0.60691,0.61429,0,0,0.63404,0.62918,0.68571,0.68571,0,0,0,0,0,0,0,0,0,0
27.75,9,24.659,-46.661,0,0,0,0,0,0,0,0,0,0,0,0,0,0,0,0,0,0,0,0.41429,0.41429,0,0,0.50265,0.50265,0.5,0.47143,0.39101,0.38254,0.35714,0.34286,0.58571,0.58571,0.6,0.61429,0,0,0,0,0.4,0.4,0,0,0,0,0.5363,0.53484,0,0,0,0,0.3,0.3,0.55714,0.54286,0.6044,0.6,0.6,0.62857,0,0,0.62857,0.64286,0,0,0,0,0,0,0,0,0,0
28.5,9,25.289,-45.48,0,0,0,0,0,0,0,0,0,0,0,0,0,0,0,0,0,0,0,0.36429,0.35714,0,0,0.50087,0.49784,0.51353,0.49436,0.36478,0.36757,0,0,0.51429,0.51429,0.61429,0.58571,0,0,0,0,0,0,0,0,0,0,0.54262,0.54554,0.42857,0.42857,0,0,0,0.31429,0.5,0.51429,0.63123,0.6289,0.62857,0.64286,0,0,0,0,0,0,0,0,0,0,0,0,0,0
16.5,9.75,28.226,-52.305,0,0,0,0,0,0,0,0,0,0,0,0,0,0,0,0,0,0,0,0.45504,0.45269,0,0,0.63036,0.61467,0.696,0.696,0.43117,0.43117,0,0.4,0,0,0,0,0.32857,0.32857,0,0,0.49554,0.48839,0,0,0,0,0.66956,0.67895,0.4961,0.49697,0,0,0,0,0.48571,0.45714,0.47143,0.46429,0.44857,0.48457,0.68231,0.68231,0.61429,0.62857,0,0,0,0,0,0,0,0,0,0
17.25,9.75,28.934,-51.696,0,0,0,0,0,0,0,0,0,0,0,0,0,0,0,0,0,0,0,0.48571,0.48571,0,0,0.64913,0.64599,0.61088,0.61973,0.44942,0.44865,0.2978,0,0.51429,0,0,0,0.4,0.4,0,0,0,0,0.33736,0.33736,0,0,0.67143,0.66341,0.48571,0.52857,0,0,0,0,0.45165,0.44286,0.51796,0.52286,0,0,0.61429,0.61429,0.64835,0.64286,0,0,0,0,0,0,0,0,0,0
18,9.75,29.721,-51.04,0,0,0,0,0,0,0,0,0,0,0,0,0,0,0,0,0,0,0,0.47143,0.46505,0.37143,0.37143,0.59945,0.5978,0.66104,0.66104,0.4551,0.43799,0,0.31429,0,0,0,0,0.38992,0.36206,0,0,0.45714,0.45714,0.34286,0,0,0,0.67869,0.68712,0,0,0,0,0.31429,0.31429,0,0,0.43571,0.42857,0,0.51429,0.60714,0.60714,0.70068,0.66122,0,0,0,0,0,0,0,0,0,0
18.75,9.75,30.082,-49.626,0,0,0,0,0,0,0,0,0,0,0,0,0,0,0,0,0,0,0,0.45884,0.4517,0.32857,0.32857,0.61746,0.61583,0.67959,0.66531,0.42646,0.42857,0,0,0.42857,0.42857,0,0,0,0.37143,0,0,0.42857,0.42857,0.34286,0.34286,0,0,0.62014,0.57609,0.51429,0.5,0,0,0.30618,0.3,0,0,0.4471,0.43187,0.45714,0.47143,0.62857,0.62857,0.68571,0.68571,0,0,0,0,0,0,0,0,0,0
19.5,9.75,30.712,-47.865,0,0,0,0,0,0,0,0,0,0,0,0,0,0,0,0,0,0,0,0.42857,0.42857,0,0,0.63869,0.63869,0.63117,0.63636,0.4015,0.39852,0.32857,0.31948,0.41429,0.41429,0,0,0,0,0,0,0.42857,0.42857,0,0,0,0,0.7,0.70844,0,0,0,0,0.3,0.31429,0,0,0.50827,0.50827,0.54286,0.52857,0.68571,0.67143,0.67143,0.69286,0,0,0,0,0,0,0,0,0,0
20.25,9.75,32.306,-45.426,0,0,0,0,0,0,0,0,0,0,0,0,0,0,0,0,0,0,0,0.45199,0.44707,0,0,0.59048,0.59048,0.61429,0.60714,0.43357,0.42338,0,0,0.47316,0.46268,0,0,0,0,0,0,0.42217,0.4,0.37143,0.34286,0,0,0.67728,0.64762,0.57143,0.55714,0,0,0.31429,0.31429,0.52857,0.50714,0.53292,0.51863,0.57692,0.58571,0.67143,0.67143,0.7,0.7,0,0,0,0,0,0,0,0,0,0
21,9.75,36.622,-42.632,0,0,0,0,0,0,0,0,0,0,0,0,0,0,0,0,0,0,0,0.46534,0.46216,0,0,0.55714,0.55714,0.66629,0.66629,0.41583,0.40688,0,0,0.5,0.49714,0,0,0,0,0,0,0,0,0.31429,0.3,0,0,0.60187,0.61475,0.5,0.47578,0,0,0,0,0.41429,0,0.56923,0.56923,0.53401,0.53061,0.55714,0.54286,0.64286,0.64286,0,0,0,0,0,0,0,0,0,0
21.75,9.75,44.235,-40.238,0,0,0,0,0,0,0,0,0,0,0,0,0,0,0,0,0,0,0,0.45714,0.44379,0.35714,0.37143,0.58872,0.58308,0.58878,0.58061,0.37905,0.37143,0,0,0.5,0.49121,0,0,0,0,0,0,0.41429,0.41429,0.32653,0.35714,0,0,0.61335,0.62445,0.45714,0.45714,0,0,0,0,0,0,0.54218,0.53524,0.52857,0.52857,0.55714,0.55714,0,0,0,0,0,0,0,0,0,0,0,0
22.5,9.75,45.218,-40.378,0,0,0,0,0,0,0,0,0,0,0,0,0,0,0,0,0,0,0,0.34286,0.34286,0,0,0,0,0.58571,0.58571,0.36,0.35143,0,0,0.48342,0.47934,0,0,0,0,0,0,0.41429,0.41429,0.35714,0.35714,0,0,0.60562,0.58009,0.47143,0.44286,0,0,0.3,0.29309,0.48571,0.46339,0.52857,0.51429,0.6,0.6,0.60547,0.59574,0.65816,0.67347,0,0,0,0,0,0,0,0,0,0
23.25,9.75,36.777,-43.632,0,0,0,0,0,0,0,0,0,0,0,0,0,0,0,0,0,0,0,0.37143,0.37143,0.31429,0.32857,0.55714,0.55714,0.53896,0.53896,0,0.32857,0,0,0.49286,0,0,0,0,0,0,0,0.38571,0,0.38571,0.38571,0,0,0.6,0.53636,0,0,0,0,0.28571,0,0.50672,0.49832,0,0,0,0,0,0,0.78403,0.81345,0,0,0,0,0,0,0,0,0,0
24,9.75,30.392,-47.316,0,0,0,0,0,0,0,0,0,0,0,0,0,0,0,0,0,0,0,0.38571,0.37143,0.32857,0.35714,0.52857,0.52857,0.51429,0.51429,0.37143,0.37143,0.3,0,0.50435,0.5,0,0,0,0,0,0,0.4,0,0.30549,0.28901,0,0,0.6,0.53452,0.47143,0.47143,0,0,0,0,0.53161,0.52705,0.52326,0.51628,0.59336,0.59867,0.65714,0.65714,0.67283,0.68571,0,0,0,0,0,0,0,0,0,0
24.75,9.75,27.093,-49.805,0,0,0,0,0,0,0,0,0,0,0,0,0,0,0,0,0,0,0,0.377,0.377,0,0,0.47778,0.47778,0.51429,0.51429,0.36122,0.3471,0,0,0.52857,0.52857,0,0,0,0,0,0,0.42857,0.42857,0.32857,0.32857,0,0,0.59415,0.55815,0.47143,0.48571,0,0,0,0,0.51429,0.51429,0.57545,0.55325,0.6,0.6,0.72992,0.73019,0.71429,0.72857,0,0,0,0,0,0,0,0,0,0
25.5,9.75,25.543,-50.503,0,0,0,0,0,0,0,0,0,0,0,0,0,0,0,0,0,0,0,0,0.35714,0,0,0.48214,0.48095,0.48842,0.48307,0,0,0.35714,0.34966,0.54286,0,0,0.62857,0,0,0,0,0,0,0,0.3,0,0,0.58571,0.52356,0,0,0,0,0.31429,0.32308,0.48836,0.49418,0.55714,0.55714,0.54286,0.55714,0.66538,0.6511,0.68972,0.70226,0,0,0,0,0,0,0,0,0,0
26.25,9.75,24.91,-49.719,0,0,0,0,0,0,0,0,0,0,0,0,0,0,0,0,0,0,0,0,0,0,0,0.46494,0.46169,0.44286,0.48571,0.33594,0.33594,0,0,0.53114,0.49876,0,0,0,0,0,0,0.43929,0.42857,0,0,0,0,0.54824,0.48739,0.42857,0.43095,0,0,0.32987,0.33661,0.47143,0.48571,0.55079,0.55079,0.56857,0.59143,0.67295,0.67143,0.68571,0.68571,0,0,0,0,0,0,0,0,0,0
27,9.75,24.628,-48.001,0,0,0,0,0,0,0,0,0,0,0,0,0,0,0,0,0,0,0,0,0,0,0,0.57143,0.56857,0.45314,0.45314,0.37925,0.37087,0,0,0.55366,0.5554,0,0,0,0,0,0,0.41429,0.4,0.31429,0.31429,0,0,0.51429,0.48994,0.46355,0.47143,0,0,0.34286,0.34286,0,0,0.51429,0.51429,0,0,0.68791,0.68791,0.65714,0.65714,0,0,0,0,0,0,0,0,0,0
27.75,9.75,25.163,-46.461,0,0,0,0,0,0,0,0,0,0,0,0,0,0,0,0,0,0,0,0,0,0,0,0.51481,0.51481,0.52857,0.54286,0.35714,0.35714,0,0,0.53988,0.53056,0,0,0,0,0,0,0.42857,0,0,0,0,0,0.51429,0.48869,0.41429,0.42143,0,0,0.32675,0.31884,0,0,0.57143,0.58889,0.65,0.65,0.62773,0.62773,0.63598,0.64127,0,0,0,0,0,0,0,0,0,0
28.5,9.75,25.942,-45.304,0,0,0,0.55093,0,0,0,0,0,0,0,0,0,0,0,0,0,0,0,0,0,0,0,0,0,0.48836,0.48677,0.3834,0.38108,0,0,0.58367,0.56875,0.60691,0.60691,0,0,0,0,0.38961,0.38571,0,0,0,0,0.52037,0.52857,0,0,0,0,0.31429,0.31429,0.55434,0.56134,0.58346,0.5812,0,0,0.63506,0.63506,0.60843,0.61475,0,0,0,0,0,0,0,0,0,0
16.5,10.5,30.242,-53.908,0,0,0,0,0,0,0,0,0,0,0,0,0,0,0,0.35714,0.35714,0,0,0.31429,0,0,0,0.65,0.65,0,0,0.46525,0.46525,0,0,0.46104,0.45714,0,0,0,0,0,0.31429,0.52857,0.51429,0,0,0,0,0.5822,0.65,0,0,0,0,0,0,0,0,0.47143,0,0.45714,0,0.56366,0.56366,0.56561,0.58254,0,0,0,0,0,0,0,0,0,0
17.25,10.5,30.907,-53.329,0,0,0,0,0,0,0,0,0,0,0,0,0,0,0,0,0,0,0,0,0.34286,0.34286,0,0.69398,0.69398,0,0,0.44486,0.44486,0,0,0.47773,0.45714,0,0,0,0,0,0,0.48214,0.48061,0,0,0,0,0.65714,0.6437,0,0.52857,0,0,0.32118,0.32095,0,0,0.46341,0.46276,0,0,0.58571,0.57891,0.62857,0.62857,0,0,0,0,0,0,0,0,0,0
18,10.5,31.026,-53.459,0,0,0,0,0,0,0,0,0,0,0,0,0,0,0,0,0,0,0,0.34286,0.33506,0,0,0.64286,0.64286,0.64286,0.65714,0.41429,0.41273,0.34286,0,0,0,0,0,0,0,0,0,0.46723,0.46723,0.34286,0.35714,0,0,0.66792,0.67143,0,0,0,0,0.29153,0.29153,0,0,0.43555,0.43155,0.51429,0.51429,0.59048,0.5697,0.61429,0.61429,0,0,0,0,0,0,0,0,0,0
18.75,10.5,31.212,-52.309,0,0,0,0,0,0,0,0,0,0,0,0,0,0,0,0,0,0,0,0.34286,0.32857,0,0,0.67041,0.67168,0.67143,0.67143,0.44637,0.44796,0.34286,0.34286,0.52313,0.51429,0,0,0,0,0,0,0,0,0,0,0,0,0.67143,0.59524,0.57891,0.58571,0,0,0.3,0,0.53407,0.51429,0.44792,0.4406,0,0,0.59136,0.59485,0.59807,0.6,0,0,0,0,0,0,0,0,0,0
19.5,10.5,31.124,-50.466,0,0,0,0,0,0,0,0,0,0,0,0,0,0,0,0,0,0,0,0.34286,0.34286,0,0,0.65368,0.64805,0.67143,0.65714,0.41654,0.40909,0,0,0.45714,0.45714,0,0.47143,0,0,0,0,0.44286,0.42857,0,0,0,0,0.67143,0.6119,0,0,0,0,0,0,0.51429,0.5,0.47774,0.47574,0,0,0.70252,0.70378,0.71429,0.71379,0,0,0,0,0,0,0,0,0,0
20.25,10.5,31.964,-47.677,0,0,0,0,0,0,0,0,0,0,0,0,0,0,0,0,0,0,0,0.37143,0.37105,0,0,0.63274,0.61875,0.62819,0.63861,0.41429,0.41429,0.28571,0.3,0.43571,0.42857,0,0.47143,0,0,0,0,0.42298,0.43439,0,0,0,0,0.67143,0.6444,0.5455,0.5455,0,0,0,0,0.47143,0.47143,0.44949,0.44286,0,0,0.74668,0.74005,0.72857,0.7563,0,0,0,0,0,0,0,0,0,0
21,10.5,36.991,-43.234,0,0,0,0,0,0,0,0,0,0,0,0,0,0,0,0,0,0,0,0.3646,0.35093,0.38111,0.36636,0.61216,0.61216,0.60168,0.6,0.38132,0.37954,0.3563,0.3563,0.41429,0.41429,0.44286,0,0,0,0,0,0.44286,0.44286,0,0,0,0,0.67143,0.58571,0.53861,0.53415,0,0,0,0,0.4834,0.47143,0.46201,0.4541,0,0,0.61758,0.61154,0.65152,0.66364,0,0,0,0,0,0,0,0,0,0
21.75,10.5,63.795,-35.388,0,0,0,0,0,0,0,0,0,0,0,0,0,0,0,0,0,0,0,0.33308,0.34675,0.32857,0.32857,0.51429,0.51429,0.6406,0.64211,0.37143,0.37181,0,0.3013,0.49077,0.44706,0.44286,0,0,0,0,0,0.45714,0.44626,0,0,0,0,0.67143,0.57043,0.47143,0.47143,0,0,0,0,0,0.41429,0.46209,0.46209,0,0.51429,0.56698,0.56698,0,0.54286,0,0,0,0,0,0,0,0,0,0
22.5,10.5,68.536,-31.435,0,0,0,0,0,0,0,0,0,0,0,0,0,0,0,0,0,0,0,0.34286,0.34286,0.34286,0.34286,0.52509,0.51603,0,0,0.36264,0.35385,0,0,0.51429,0.49735,0,0,0,0,0,0,0.42857,0.42857,0,0,0,0,0.66206,0.5051,0.39967,0.40831,0,0,0,0,0,0.44286,0.43223,0.42392,0,0,0.57869,0.56581,0.62857,0.62857,0,0,0,0,0,0,0,0,0,0
23.25,10.5,38.924,-43.018,0,0,0,0,0,0,0,0,0,0,0,0,0,0,0,0,0,0,0,0.37218,0.37218,0,0,0.49605,0.48997,0.54286,0.55714,0.377,0.37473,0,0,0.47143,0.48163,0,0,0,0,0,0,0.41429,0,0,0,0,0,0.58876,0.58511,0.47143,0,0,0,0.31429,0.31429,0.44835,0.45714,0.4807,0.4782,0.6,0.62857,0.73639,0.73605,0.83571,0.82619,0,0,0,0,0,0,0,0,0,0
24,10.5,30.532,-48.11,0,0,0,0,0,0,0,0,0,0,0,0,0,0,0,0,0,0,0,0.34286,0.34938,0,0,0.45476,0.44286,0.55714,0.55714,0.3932,0.38875,0,0,0.55471,0.54694,0.51429,0,0,0,0,0,0.39617,0.38722,0,0,0,0,0.57447,0.62698,0.45714,0.47143,0,0,0.3,0.3,0,0,0.54286,0.53621,0.6034,0.61429,0.67895,0.67845,0.6,0.6,0,0,0,0,0,0,0,0,0,0
24.75,10.5,27.65,-50.907,0,0,0,0,0,0,0,0,0,0,0,0,0,0,0,0,0,0,0,0.34286,0,0,0,0.45714,0.45714,0.44286,0.44952,0.4,0.38571,0,0.3,0.54838,0.54188,0.51429,0,0,0,0,0,0.37143,0.37143,0,0.35714,0,0,0.61429,0.56786,0,0,0,0,0.30714,0,0.47143,0.51429,0.5465,0.54164,0.61825,0.60397,0.69461,0.68525,0.68571,0.68571,0,0,0,0,0,0,0,0,0,0
25.5,10.5,26.299,-51.253,0,0,0,0,0,0,0,0,0,0,0,0,0,0,0,0,0,0,0,0.34286,0.34286,0.35714,0.34286,0,0.50124,0.45714,0.45714,0.35079,0.34881,0,0,0.54754,0.53934,0,0,0,0,0,0,0.40124,0.4246,0,0,0,0,0.56276,0.53555,0.44286,0.44286,0,0,0.32857,0.33421,0.47729,0.48901,0.55289,0.54985,0,0,0.64333,0.6445,0.6326,0.65275,0,0,0,0,0,0,0,0,0,0
26.25,10.5,25.765,-50.355,0,0.3,0,0,0,0,0,0,0,0,0,0,0,0,0,0,0,0,0,0.3695,0.3695,0.32286,0.32857,0.55714,0.55714,0.51214,0.51286,0.36,0.34286,0.34286,0.35714,0.54554,0.54286,0,0,0,0,0,0,0.4216,0.41429,0,0,0,0,0.55714,0.48432,0.4,0.4,0,0,0.30857,0.34286,0.44286,0.45873,0.58117,0.57893,0.6,0.5932,0.65429,0.65143,0.65528,0.65528,0,0,0,0,0,0,0,0,0,0
27,10.5,25.729,-48.506,0,0,0,0,0,0,0,0,0,0,0,0,0,0,0,0,0,0,0,0.36054,0.36054,0,0,0.52857,0.52857,0.47778,0.5,0.3699,0.35887,0.28571,0.31429,0.53195,0.52932,0.7,0.7,0,0,0,0,0.38571,0.38571,0,0,0,0,0.53958,0.52925,0.46718,0.46063,0,0,0,0,0.51429,0.55714,0.54354,0.53673,0,0,0.68462,0.68462,0.65714,0,0,0,0,0,0,0,0,0,0,0
27.75,10.5,26.19,-46.844,0,0,0,0,0,0,0,0,0,0,0,0,0,0,0,0,0,0,0,0.41429,0.40968,0,0,0.51429,0.50811,0,0,0.38106,0.38106,0,0,0.56516,0.56366,0,0,0,0,0,0,0.4119,0.43214,0,0,0,0,0.48571,0.48571,0.4291,0.4355,0,0,0.34176,0.34176,0.52857,0.52857,0.58367,0.58367,0,0,0.67052,0.66565,0,0,0,0,0,0,0,0,0,0,0,0
28.5,10.5,26.539,-45.994,0,0,0,0,0,0,0,0,0,0,0,0,0,0,0,0,0,0,0,0.4096,0.40175,0,0,0.50408,0.5,0.51429,0.51429,0.36296,0.35926,0.3,0.3,0.50476,0.49574,0,0,0,0,0,0,0.38571,0,0,0,0,0,0.4904,0.50087,0.42857,0.42857,0,0,0.33193,0.33193,0.61088,0.5966,0.60526,0.59221,0.6,0.6,0.62143,0.61429,0,0,0,0,0,0,0,0,0,0,0,0
